10372,-30.307501
10383,-26.595001
10394,-22.882500
10405,-19.170000
10416,-15.457500
10427,-11.745000
10438,-8.032500
10449,-4.320000
10460,-0.607500
10471,0.000000
10482,0.000000
10493,0.000000
10504,0.000000
10515,0.000000
10526,0.000000
10537,0.000000
10548,0.000000
10559,0.000000
10578,0.000000
10589,0.000000
10600,0.000000
10611,0.000000
10622,0.000000
10633,0.000000
10644,0.000000
10656,0.000000
10669,0.000000
10680,0.000000
10691,0.000000
10702,0.000000
10713,0.000000
10724,0.000000
10735,0.000000
10746,0.000000
10757,0.000000
10770,0.000000
10781,0.000000
10792,0.000000
10803,0.000000
10814,0.000000
10825,0.000000
10836,0.000000
10847,0.000000
10858,0.000000
10871,0.000000
10882,0.000000
10893,0.000000
10904,0.000000
10915,0.000000
10926,0.000000
10937,0.000000
10948,0.000000
10959,0.000000
10973,0.000000
10984,0.000000
10995,0.000000
11006,0.000000
11017,0.000000
11028,0.000000
11039,0.000000
11050,0.000000
11061,0.000000
11073,0.000000
11084,0.000000
11095,0.000000
11107,0.000000
11118,0.000000
11129,0.000000
11140,0.000000
11151,0.000000
11162,0.000000
11175,0.000000
11186,0.000000
11197,0.000000
11208,0.000000
11219,0.000000
11230,0.000000
11241,0.000000
11252,0.000000
11263,0.000000
11277,0.000000
11288,0.000000
11299,0.000000
11310,0.000000
11321,0.000000
11332,0.000000
11343,0.000000
11354,0.000000
11369,0.000000
11380,0.000000
11391,0.000000
11402,0.000000
11413,0.000000
11424,0.000000
11435,0.000000
11446,0.000000
11457,0.000000
11468,0.000000
11480,0.000000
11491,0.000000
11502,0.000000
11513,0.000000
11524,0.000000
11535,0.000000
11546,0.000000
11557,0.000000
11568,0.000000
11580,0.000000
11591,0.000000
11603,0.000000
11614,0.000000
11625,0.000000
11636,0.000000
11647,0.000000
11658,0.000000
11669,0.000000
11681,0.000000
11692,0.000000
11703,0.000000
11714,0.000000
11726,0.000000
11737,0.000000
11748,0.000000
11759,0.000000
11770,0.000000
11782,0.000000
11793,0.000000
11804,0.000000
11815,0.000000
11826,0.000000
11837,0.000000
11849,0.000000
11860,0.000000
11871,0.000000
11883,0.000000
11894,-0.286875
11905,-1.198125
11916,-1.923750
11927,-3.780000
11938,-5.265000
11949,-8.538750
11960,-11.812500
11972,-13.550625
11984,-16.790625
11995,-20.452499
12006,-24.165001
12017,-27.050625
12028,-28.974375
12039,-29.986876
12050,-29.986876
12061,-29.986876
12072,-29.986876
12085,-29.986876
12096,-29.986876
12107,-29.986876
12118,-29.986876
12129,-28.991251
12140,-26.392500
12151,-22.680000
12162,-18.967501
12173,-15.255000
12186,-10.766251
12197,-7.155000
12208,-3.442500
12219,0.270000
12230,3.982500
12241,7.695000
12252,11.407500
12263,15.120000
12274,18.832500
12287,23.338125
12298,26.932501
12309,29.986876
12320,29.986876
12331,29.986876
12342,29.986876
12353,29.986876
12366,29.986876
12377,29.986876
12388,29.986876
12399,28.198126
12410,25.346251
12421,21.920626
12432,18.208126
12443,14.495625
12454,10.783125
12465,7.070625
12476,3.358125
12489,0.000000
12500,0.000000
12511,0.000000
12522,0.000000
12533,0.000000
12544,0.000000
12555,0.000000
12566,0.000000
12577,0.000000
12591,0.000000
12602,0.000000
12613,0.000000
12624,0.000000
12635,0.000000
12646,0.000000
12657,0.000000
12668,0.000000
12679,0.000000
12691,0.000000
12702,0.000000
12714,0.000000
12725,0.000000
12736,0.000000
12747,0.000000
12758,0.000000
12769,0.000000
12780,0.000000
12792,0.000000
12803,0.000000
12814,0.000000
12825,0.000000
12837,0.000000
12848,0.000000
12859,0.000000
12870,0.000000
12881,0.000000
12893,0.000000
12904,0.000000
12915,0.000000
12926,0.000000
12937,0.000000
12948,0.000000
12962,0.000000
12973,0.000000
12984,0.000000
12995,0.000000
13006,0.000000
13017,0.000000
13028,0.000000
13039,0.000000
13050,0.000000
13061,0.000000
13072,0.000000
13083,0.000000
13095,0.000000
13106,0.000000
13117,0.000000
13128,0.000000
13139,0.000000
13150,0.000000
13161,0.000000
13172,0.000000
13183,0.000000
13196,0.000000
13207,0.000000
13218,0.000000
13229,0.000000
13240,0.000000
13251,0.000000
13262,0.000000
13273,0.000000
13284,-0.253125
13297,-0.776250
13308,0.000000
13319,0.000000
13330,0.000000
13341,0.000000
13352,0.000000
13363,0.000000
13374,0.000000
13385,0.000000
13397,0.000000
13408,0.000000
13419,0.000000
13430,0.000000
13441,0.000000
13452,0.000000
13463,0.000000
13474,0.000000
13485,0.000000
13499,0.000000
13510,0.000000
13521,0.000000
13532,0.000000
13543,0.000000
13554,0.000000
13565,0.000000
13576,0.000000
13587,0.000000
13599,0.000000
13610,0.000000
13621,0.000000
13632,0.000000
13643,0.000000
13654,0.000000
13665,0.000000
13676,0.000000
13687,0.000000
13703,0.000000
13714,0.000000
13725,0.000000
13736,0.000000
13747,0.000000
13758,0.000000
13769,0.000000
13780,0.000000
13791,0.000000
13802,0.000000
13813,0.000000
13825,0.000000
13836,0.000000
13847,0.000000
13858,0.000000
13869,0.000000
13880,0.000000
13891,0.000000
13903,0.000000
13914,0.000000
13925,0.000000
13936,0.000000
13948,0.000000
13959,0.000000
13970,0.000000
13981,0.000000
13992,0.000000
14004,0.000000
14015,0.000000
14026,0.000000
14037,0.000000
14048,0.000000
14059,0.000000
14071,0.000000
14082,0.000000
14093,0.000000
14105,0.000000
14116,0.000000
14127,0.000000
14138,0.000000
14149,0.000000
14160,0.000000
14171,0.000000
14182,0.000000
14194,0.000000
14206,0.000000
14217,0.000000
14228,0.000000
14239,0.000000
14250,0.000000
14261,0.000000
14272,0.000000
14283,0.000000
14294,0.000000
14307,0.000000
14318,-0.472500
14329,-0.894375
14340,-1.366875
14351,-1.788750
14362,-2.700000
14373,-3.273750
14384,-3.780000
14395,-4.303125
14408,-4.674375
14419,-5.872500
14430,-6.345000
14441,-6.480000
14452,-6.766875
14463,-6.766875
14474,-6.952500
14485,-7.256250
14496,-7.374375
14509,-7.374375
14520,-7.610625
14531,-7.678125
14542,-7.678125
14553,-7.846875
14564,-7.846875
14575,-7.846875
14586,-7.846875
14597,-7.846875
14609,-7.846875
14620,-7.965000
14631,-7.965000
14642,-7.965000
14653,-7.965000
14664,-7.965000
14675,-7.965000
14686,-7.560000
14697,-7.070625
14711,-7.070625
14722,-7.070625
14733,-6.648750
14744,-6.480000
14755,-6.480000
14766,-6.058125
14777,-6.058125
14788,-6.058125
14799,-6.176250
14813,-7.188750
14824,-7.509375
14835,-7.678125
14846,-8.150625
14857,-8.150625
14868,-8.150625
14879,-8.150625
14890,-8.150625
14901,-8.572500
14913,-8.572500
14924,-8.572500
14936,-8.572500
14947,-8.572500
14958,-8.150625
14969,-8.150625
14980,-7.678125
14991,-7.678125
15002,-7.070625
15014,-6.766875
15025,-5.805000
15036,-5.265000
15047,-4.792500
15059,-4.303125
15070,-3.898125
15081,-3.476250
15092,-3.476250
15103,-3.476250
15115,-3.476250
15126,-3.408750
15137,-3.290625
15148,-3.290625
15159,-3.290625
15170,-2.868750
15182,-2.868750
15193,-2.868750
15204,-2.463750
15216,-2.396250
15227,-2.396250
15238,-2.396250
15249,-2.396250
15260,-2.396250
15271,-2.396250
15282,-2.278125
15293,-2.278125
15305,-2.278125
15318,-2.278125
15329,-2.092500
15340,-2.278125
15351,-2.565000
15362,-2.986875
15373,-3.105000
15384,-3.476250
15395,-4.066875
15406,-4.066875
15418,-4.066875
15429,-4.488750
15440,-4.488750
15451,-4.488750
15462,-4.066875
15473,-3.172500
15484,-2.025000
15495,-1.198125
15506,-0.708750
15519,-0.708750
15530,-0.590625
15541,-0.168750
15552,-0.118125
15563,-0.118125
15574,0.000000
15585,0.000000
15596,0.000000
15607,0.000000
15620,0.000000
15631,0.000000
15642,0.000000
15653,0.000000
15664,0.000000
15675,0.000000
15686,0.000000
15697,0.000000
15708,0.000000
15722,0.000000
15733,0.000000
15744,0.000000
15756,0.000000
15767,0.000000
15778,0.000000
15789,0.000000
15800,0.000000
15811,0.000000
15822,0.000000
15833,0.000000
15844,-0.641250
15855,-1.485000
15866,-2.278125
15877,-3.290625
15888,-4.134375
15899,-4.978125
15910,-5.568750
15924,-6.598125
15935,-7.374375
15946,-7.846875
15957,-8.268750
15968,-8.268750
15979,-7.965000
15990,-7.846875
16001,-6.682500
16012,-5.163750
16024,-4.303125
16035,-2.278125
16047,-1.316250
16058,-0.894375
16069,0.000000
16080,0.000000
16091,0.000000
16102,0.000000
16113,0.000000
16125,0.000000
16136,0.000000
16147,0.000000
16158,0.000000
16170,0.000000
16181,0.000000
16192,0.000000
16203,0.000000
16214,0.000000
16226,0.000000
16237,0.000000
16248,0.000000
16259,0.000000
16270,0.000000
16281,0.000000
16293,0.000000
16304,0.000000
16315,0.000000
16327,0.000000
16338,0.000000
16349,0.000000
16360,0.000000
16371,0.000000
16382,0.000000
16393,0.000000
16404,0.000000
16416,0.000000
16427,0.000000
16438,0.000000
16449,0.000000
16460,0.000000
16471,0.000000
16482,0.000000
16493,0.590625
16504,1.873125
16515,3.594375
16529,4.792500
16540,6.108750
16551,6.480000
16562,6.480000
16573,5.990625
16584,5.568750
16595,4.606875
16606,3.290625
16617,1.400625
16630,0.000000
16641,0.000000
16652,0.000000
16663,0.000000
16674,0.000000
16685,-0.118125
16696,-0.118125
16707,-0.118125
16718,-0.118125
16731,-0.118125
16742,0.000000
16753,0.000000
16764,0.000000
16775,0.000000
16786,0.000000
16797,0.000000
16808,0.000000
16819,0.000000
16832,0.000000
16843,0.000000
16854,0.000000
16865,0.000000
16876,0.000000
16887,0.000000
16898,0.000000
16909,0.000000
16920,0.000000
16933,0.000000
16944,0.000000
16955,0.000000
16966,0.000000
16977,0.000000
16988,0.000000
16999,0.000000
17010,0.000000
17021,0.000000
17035,0.000000
17046,0.000000
17057,0.000000
17068,0.000000
17079,0.000000
17090,0.000000
17101,0.000000
17112,0.000000
17123,0.000000
17135,0.000000
17146,0.000000
17158,0.000000
17169,0.000000
17180,0.000000
17191,0.000000
17202,0.000000
17213,0.000000
17224,0.000000
17236,0.000000
17247,0.000000
17258,0.000000
17269,0.000000
17281,0.000000
17292,0.000000
17303,1.012500
17314,3.172500
17325,5.096250
17338,6.345000
17349,10.057500
17360,12.285000
17371,14.985001
17382,15.525001
17393,15.896251
17404,15.356250
17415,14.394375
17426,12.892500
17438,11.930625
17449,9.720000
17460,7.627500
17471,4.674375
17482,1.350000
17493,0.000000
17504,0.000000
17515,0.000000
17527,0.000000
17539,0.000000
17550,0.000000
17561,0.000000
17572,0.000000
17583,0.000000
17594,0.000000
17605,0.000000
17616,0.000000
17627,0.000000
17640,0.000000
17651,0.000000
17662,0.000000
17673,0.000000
17684,0.000000
17695,-0.472500
17706,-1.670625
17717,-2.092500
17728,-2.565000
17742,-2.565000
17753,-1.670625
17764,-1.063125
17775,-1.063125
17786,-1.063125
17797,-1.012500
17808,-0.894375
17819,-0.472500
17830,0.000000
17842,0.000000
17853,0.000000
17864,0.000000
17875,0.000000
17886,0.000000
17897,0.000000
17908,0.000000
17919,0.000000
17930,0.000000
17943,0.000000
17954,0.000000
17965,0.000000
17976,0.000000
17987,0.000000
17998,0.000000
18009,0.000000
18020,0.000000
18031,0.000000
18044,0.000000
18055,0.000000
18066,0.000000
18077,0.000000
18088,0.000000
18099,0.000000
18110,0.000000
18121,0.000000
18132,0.000000
18146,0.000000
18157,0.000000
18168,0.253125
18179,1.198125
18190,1.906875
18201,2.396250
18212,2.143125
18223,0.894375
18234,0.000000
18245,-0.118125
18256,-1.434375
18267,-3.780000
18278,-5.872500
18289,-6.345000
18300,-6.345000
18311,-6.345000
18322,-6.766875
18333,-5.754375
18348,-4.792500
18359,-2.565000
18372,-1.316250
18383,0.000000
18394,0.000000
18405,0.000000
18416,0.000000
18427,0.000000
18438,0.000000
18449,0.000000
18460,0.000000
18471,0.000000
18482,0.000000
18493,0.000000
18504,0.000000
18515,0.000000
18526,0.000000
18537,0.000000
18549,0.000000
18560,0.000000
18571,0.000000
18582,0.000000
18593,0.000000
18604,0.000000
18615,0.000000
18626,0.000000
18637,0.000000
18650,0.168750
18661,2.261250
18672,2.700000
18683,2.700000
18694,2.700000
18705,3.172500
18716,4.033125
18727,4.978125
18738,5.805000
18751,6.345000
18762,7.070625
18773,7.678125
18784,7.965000
18795,8.100000
18806,6.952500
18817,5.754375
18828,3.155625
18839,0.894375
18852,0.000000
18863,0.000000
18874,0.000000
18885,0.000000
18896,0.000000
18907,0.000000
18918,0.000000
18929,0.472500
18940,1.906875
18953,3.189375
18964,6.125625
18975,6.766875
18986,7.374375
18997,7.492500
19008,6.952500
19019,5.754375
19030,4.674375
19041,3.898125
19054,3.476250
19065,2.986875
19076,2.514375
19087,2.396250
19098,2.092500
19109,1.518750
19120,1.248750
19131,0.590625
19142,0.590625
19155,0.000000
19166,0.000000
19177,0.000000
19188,0.000000
19199,0.000000
19210,0.000000
19221,0.000000
19232,0.000000
19243,0.000000
19257,0.000000
19268,0.000000
19279,0.000000
19290,0.000000
19301,0.000000
19312,0.000000
19323,0.405000
19334,0.405000
19345,0.286875
19357,0.000000
19368,0.000000
19379,0.000000
19390,0.000000
19401,0.000000
19412,0.000000
19423,0.000000
19434,0.000000
19445,0.000000
19457,-0.472500
19468,-0.708750
19479,-0.894375
19490,-0.894375
19501,-0.405000
19512,-0.067500
19523,0.000000
19534,0.000000
19545,0.000000
19559,0.000000
19570,0.000000
19581,0.000000
19592,-0.253125
19603,-0.405000
19614,-0.472500
19625,0.000000
19636,0.000000
19647,0.000000
19660,0.000000
19671,0.000000
19682,0.000000
19693,0.000000
19704,0.725625
19715,2.092500
19726,3.476250
19737,3.780000
19749,3.189375
19765,3.172500
19776,0.000000
19787,0.000000
19798,-0.286875
19809,-1.788750
19820,-3.425625
19831,-4.792500
19842,-4.792500
19853,-5.265000
19864,-5.805000
19875,-6.345000
19886,-6.952500
19897,-7.374375
19908,-7.256250
19919,-6.766875
19930,-6.480000
19941,-6.058125
19952,-5.872500
19963,-5.872500
19974,-5.400000
19985,-3.780000
19996,-2.986875
20007,-2.396250
20018,-1.788750
20029,-1.974375
20040,-1.653750
20051,-0.472500
20064,0.000000
20075,0.000000
20086,-0.590625
20097,-1.670625
20108,-2.953125
20119,-4.185000
20130,-4.674375
20141,-4.792500
20152,-4.421250
20172,-4.185000
20183,-1.670625
20194,-0.286875
20205,0.000000
20216,0.000000
20227,0.000000
20238,0.000000
20249,0.000000
20260,0.236250
20271,0.286875
20282,0.000000
20293,0.000000
20304,0.000000
20315,0.000000
20326,0.000000
20337,0.000000
20348,0.000000
20359,0.000000
20370,0.000000
20381,0.000000
20392,0.000000
20403,0.000000
20414,0.000000
20425,0.000000
20436,0.000000
20447,0.000000
20458,0.000000
20471,0.000000
20482,0.000000
20493,0.000000
20504,0.000000
20515,0.000000
20526,0.000000
20537,0.000000
20548,0.000000
20559,0.000000
20573,0.000000
20584,0.000000
20595,0.000000
20606,0.000000
20617,0.000000
20628,0.000000
20639,0.000000
20650,0.000000
20661,0.000000
20673,0.000000
20684,0.000000
20696,0.000000
20707,0.000000
20718,0.000000
20729,0.000000
20740,0.000000
20751,0.000000
20762,0.000000
20774,0.168750
20785,0.000000
20796,0.000000
20807,0.000000
20819,0.000000
20830,0.000000
20841,0.000000
20852,0.826875
20863,2.986875
20875,4.370625
20886,5.686875
20897,6.176250
20908,6.176250
20919,5.754375
20930,5.686875
20942,5.265000
20953,5.872500
20964,5.872500
20976,5.872500
20987,4.674375
20998,3.290625
21009,2.700000
21020,2.025000
21031,1.788750
21042,0.000000
21053,0.000000
21065,0.000000
21077,0.000000
21088,0.000000
21099,0.000000
21110,0.000000
21121,0.000000
21132,0.000000
21143,0.000000
21154,0.000000
21165,0.000000
21178,0.000000
21189,0.000000
21200,0.000000
21211,0.000000
21222,0.000000
21233,0.000000
21244,0.000000
21255,0.000000
21266,0.000000
21279,0.000000
21290,0.000000
21301,0.000000
21312,0.000000
21323,0.000000
21334,-0.286875
21345,-1.198125
21356,-1.906875
21367,-2.278125
21381,-2.278125
21393,-1.788750
21404,-2.008125
21415,-2.700000
21426,-3.780000
21437,-3.780000
21448,-3.172500
21459,-2.565000
21470,-2.092500
21482,-2.092500
21493,-2.565000
21504,-2.801250
21516,-2.986875
21527,-2.986875
21538,-2.986875
21549,-3.476250
21560,-4.134375
21571,-5.754375
21583,-6.952500
21594,-8.758125
21605,-9.770625
21616,-9.770625
21627,-9.770625
21638,-9.045000
21649,-7.998750
21660,-7.256250
21671,-6.648750
21685,-5.754375
21696,-5.518125
21707,-4.488750
21718,-3.172500
21729,-1.856250
21740,-1.063125
21751,-1.063125
21762,-1.063125
21773,-1.485000
21785,-1.485000
21796,-1.485000
21808,-1.063125
21819,-0.590625
21830,-0.118125
21841,0.000000
21852,0.000000
21863,0.000000
21874,0.000000
21886,0.000000
21897,0.000000
21908,-0.472500
21919,-0.472500
21930,-0.405000
21941,0.000000
21952,0.000000
21963,0.000000
21974,0.000000
21988,0.000000
21999,0.000000
22010,0.000000
22021,0.000000
22032,0.000000
22043,0.000000
22054,0.000000
22065,0.000000
22076,0.000000
22088,0.000000
22099,0.000000
22110,0.000000
22121,0.000000
22132,0.000000
22143,0.000000
22154,0.000000
22165,0.000000
22177,0.000000
22189,0.000000
22200,0.000000
22211,0.000000
22222,0.000000
22233,0.000000
22244,0.000000
22255,0.000000
22266,0.000000
22277,0.000000
22289,0.000000
22300,0.000000
22311,0.000000
22322,-0.590625
22333,-1.063125
22344,-1.839375
22355,-2.700000
22366,-3.172500
22377,-3.290625
22391,-3.290625
22402,-2.700000
22413,-2.278125
22424,-2.278125
22435,-2.278125
22446,-2.092500
22457,-1.788750
22468,-1.788750
22479,-1.366875
22493,-0.776250
22505,-0.776250
22516,-1.198125
22527,-1.788750
22538,-2.868750
22549,-2.868750
22560,-2.868750
22571,-2.278125
22582,-0.894375
22593,-0.860625
22604,-0.472500
22615,-0.894375
22626,-1.366875
22637,-1.366875
22648,-1.113750
22659,0.000000
22670,0.000000
22681,0.000000
22693,0.000000
22704,-0.708750
22715,-2.092500
22726,-4.066875
22737,-4.488750
22748,-4.252500
22759,-3.476250
22770,-2.986875
22781,-2.868750
22796,-2.396250
22807,-2.092500
22818,-1.974375
22829,-1.974375
22840,-2.784375
22851,-4.016250
22862,-4.674375
22873,-6.294375
22884,-7.509375
22896,-8.454375
22907,-9.652500
22919,-10.850625
22930,-11.272500
22941,-11.340000
22952,-11.745000
22963,-11.745000
22974,-10.665000
22985,-10.074375
22997,-10.074375
23008,-9.652500
23019,-9.652500
23030,-9.652500
23042,-9.180000
23053,-8.015625
23064,-6.716250
23075,-5.400000
23086,-4.674375
23097,-4.185000
23108,-4.910625
23119,-5.872500
23130,-5.400000
23141,-4.083750
23152,-2.750625
23163,-1.670625
23174,-0.894375
23185,-0.286875
23199,-0.286875
23210,-0.168750
23221,-0.168750
23232,-0.118125
23243,0.000000
23254,0.000000
23265,0.000000
23276,0.000000
23288,0.000000
23300,0.000000
23311,0.000000
23322,0.000000
23333,0.000000
23344,0.000000
23355,0.000000
23366,0.000000
23377,0.000000
23388,0.000000
23401,0.000000
23412,0.000000
23423,0.000000
23434,0.000000
23445,0.000000
23456,0.000000
23467,0.000000
23478,0.000000
23489,0.000000
23502,0.000000
23513,0.000000
23524,0.000000
23535,0.000000
23546,0.000000
23557,0.000000
23568,0.000000
23579,-0.472500
23590,-0.894375
23603,-0.894375
23614,-0.472500
23625,0.000000
23636,0.000000
23647,0.000000
23658,0.000000
23669,0.000000
23680,0.000000
23691,0.000000
23704,0.000000
23715,0.000000
23726,0.168750
23737,0.286875
23748,0.050625
23759,0.000000
23770,0.000000
23781,0.371250
23792,2.041875
23806,2.986875
23817,4.488750
23828,4.488750
23839,4.488750
23850,3.476250
23861,2.868750
23872,2.396250
23883,1.974375
23894,0.776250
23907,0.286875
23918,0.000000
23929,0.000000
23940,0.000000
23951,0.000000
23962,0.000000
23973,0.000000
23984,0.000000
23995,0.000000
24008,0.000000
24019,-0.405000
24030,-1.366875
24041,-2.986875
24052,-4.421250
24063,-5.096250
24074,-5.096250
24085,-3.780000
24096,-3.290625
24108,-3.290625
24119,-2.700000
24130,-1.670625
24141,-1.012500
24153,-0.472500
24164,-0.725625
24175,-1.620000
24186,-2.092500
24197,-2.092500
24209,-2.092500
24220,-2.092500
24231,-2.092500
24242,-1.974375
24253,-1.974375
24264,-1.974375
24276,-1.974375
24287,-2.092500
24298,-2.396250
24311,-2.868750
24322,-3.290625
24333,-3.780000
24344,-3.780000
24355,-3.780000
24366,-3.172500
24378,-2.278125
24389,-1.063125
24400,-1.063125
24412,-1.063125
24423,-0.168750
24434,-0.168750
24445,0.000000
24456,0.000000
24467,0.000000
24478,0.000000
24489,0.000000
24500,0.000000
24512,0.000000
24523,0.000000
24534,0.000000
24545,0.000000
24556,0.000000
24567,0.000000
24578,0.000000
24589,0.000000
24600,0.000000
24613,0.000000
24624,0.000000
24635,0.000000
24646,0.000000
24657,0.000000
24668,-0.286875
24679,-0.894375
24690,-1.670625
24701,-1.788750
24714,-1.788750
24725,-1.788750
24736,-1.198125
24747,-0.776250
24758,-0.168750
24769,0.000000
24780,0.000000
24791,0.118125
24802,0.590625
24815,0.590625
24826,0.000000
24837,0.000000
24848,0.000000
24859,0.000000
24870,0.000000
24881,0.000000
24892,0.000000
24903,0.000000
24916,0.000000
24927,0.000000
24938,0.000000
24949,-0.590625
24960,-1.063125
24971,-1.670625
24982,-2.092500
24993,-2.092500
25004,-2.092500
25019,-2.092500
25030,-2.092500
25041,-2.092500
25052,-2.092500
25063,-2.092500
25074,-1.670625
25085,-0.708750
25096,-0.337500
25107,-0.168750
25118,-0.084375
25129,0.000000
25140,0.000000
25151,0.000000
25162,0.472500
25173,1.366875
25184,1.788750
25195,1.906875
25206,1.974375
25219,1.974375
25230,2.396250
25241,2.868750
25252,3.712500
25263,4.370625
25274,4.910625
25285,4.792500
25296,4.134375
25307,3.290625
25320,2.700000
25331,1.012500
25342,0.000000
25353,0.000000
25364,-0.118125
25375,-0.590625
25386,-0.590625
25397,-0.590625
25408,-0.590625
25421,-0.168750
25432,-0.118125
25443,0.000000
25454,0.000000
25465,0.000000
25476,0.000000
25487,-0.286875
25498,-0.590625
25509,-1.012500
25522,-1.063125
25533,-1.063125
25544,-1.485000
25555,-1.485000
25566,-2.700000
25577,-2.700000
25588,-3.105000
25599,-3.172500
25610,-4.066875
25622,-4.488750
25634,-5.805000
25645,-6.345000
25656,-6.345000
25667,-5.754375
25678,-4.606875
25689,-3.780000
25700,-2.936250
25711,-2.396250
25724,-2.396250
25735,-1.974375
25746,-0.118125
25757,0.000000
25768,0.000000
25779,0.000000
25790,0.000000
25801,0.000000
25812,0.000000
25825,0.000000
25836,0.000000
25847,0.000000
25858,0.000000
25869,0.000000
25880,0.000000
25891,0.000000
25902,0.286875
25913,0.286875
25927,0.286875
25938,0.000000
25949,0.000000
25960,0.000000
25971,0.000000
25982,0.000000
25993,0.000000
26004,0.000000
26015,0.000000
26028,0.000000
26039,0.000000
26050,0.000000
26061,0.000000
26072,0.000000
26083,0.168750
26094,0.776250
26105,1.198125
26116,1.316250
26131,1.366875
26142,1.366875
26153,1.906875
26164,2.632500
26175,2.818125
26186,2.396250
26197,1.974375
26208,1.248750
26219,0.894375
26230,0.590625
26241,0.016875
26253,0.000000
26264,0.000000
26275,-0.472500
26286,-0.894375
26297,-0.776250
26308,-0.540000
26319,-0.286875
26331,-0.286875
26342,-0.168750
26353,-0.168750
26364,-0.118125
26376,-0.118125
26387,0.000000
26398,0.000000
26409,0.000000
26420,0.000000
26432,0.000000
26443,0.894375
26454,1.366875
26465,1.788750
26476,2.278125
26487,2.278125
26499,2.278125
26510,2.396250
26521,2.396250
26533,2.396250
26544,2.278125
26555,2.278125
26566,1.906875
26577,1.012500
26588,0.658125
26599,0.000000
26610,0.000000
26622,0.000000
26634,0.000000
26645,0.000000
26656,0.000000
26667,0.000000
26678,0.000000
26689,0.894375
26700,0.894375
26711,0.894375
26722,1.366875
26736,2.514375
26747,3.290625
26758,3.290625
26769,2.227500
26780,1.670625
26791,1.316250
26802,1.670625
26813,2.092500
26824,2.092500
26836,2.092500
26847,1.620000
26858,0.590625
26869,0.000000
26880,0.000000
26891,0.000000
26902,0.000000
26913,0.000000
26924,0.000000
26937,0.000000
26948,0.000000
26959,0.000000
26970,0.000000
26981,0.000000
26992,0.000000
27003,0.000000
27014,0.000000
27025,0.000000
27038,0.000000
27049,0.000000
27060,0.000000
27071,0.000000
27082,0.000000
27093,0.000000
27104,0.000000
27115,0.000000
27126,0.000000
27139,0.000000
27150,0.000000
27161,0.000000
27172,0.000000
27183,0.000000
27194,0.000000
27205,0.000000
27216,0.000000
27227,0.000000
27241,0.000000
27252,0.000000
27263,0.000000
27274,0.000000
27285,0.000000
27296,0.000000
27307,0.000000
27318,0.000000
27329,0.000000
27341,0.000000
27352,0.894375
27363,1.620000
27374,1.974375
27385,2.514375
27396,3.830625
27407,4.792500
27418,5.754375
27429,6.176250
27442,6.648750
27453,6.648750
27464,6.176250
27475,5.096250
27486,3.898125
27497,2.278125
27508,0.945000
27519,0.286875
27530,0.000000
27543,0.000000
27554,0.000000
27565,0.000000
27576,0.000000
27587,0.000000
27598,0.000000
27609,0.000000
27620,0.000000
27631,0.000000
27644,0.000000
27655,0.000000
27666,0.000000
27677,-1.198125
27688,-1.670625
27699,-1.198125
27710,-0.118125
27721,0.000000
27732,0.000000
27745,0.000000
27756,0.000000
27767,0.000000
27778,0.000000
27789,0.000000
27800,0.000000
27811,0.000000
27822,0.000000
27833,0.000000
27846,0.000000
27857,0.000000
27868,0.000000
27879,0.000000
27890,0.000000
27901,-0.286875
27912,-1.113750
27923,-2.092500
27934,-2.700000
27947,-3.172500
27958,-3.594375
27969,-3.594375
27980,-3.594375
27991,-2.092500
28002,-0.472500
28013,0.000000
28024,0.000000
28035,0.000000
28048,0.000000
28061,0.000000
28072,0.000000
28083,0.168750
28094,0.168750
28105,0.590625
28116,0.810000
28127,1.198125
28138,1.670625
28149,1.670625
28160,1.788750
28171,1.316250
28183,0.776250
28194,0.286875
28205,0.286875
28216,0.286875
28227,0.286875
28238,0.000000
28249,0.000000
28260,0.000000
28271,0.000000
28282,0.000000
28293,0.000000
28304,0.000000
28315,0.000000
28326,0.000000
28337,0.000000
28352,0.000000
28363,0.000000
28374,0.000000
28385,0.000000
28396,0.371250
28407,1.974375
28418,5.568750
28429,7.678125
28440,7.914375
28452,8.268750
28463,8.268750
28475,8.268750
28486,7.846875
28497,7.374375
28508,7.138125
28519,5.990625
28530,4.978125
28541,4.303125
28552,3.780000
28563,2.700000
28574,1.670625
28585,0.590625
28596,0.000000
28607,0.000000
28618,0.000000
28629,0.000000
28640,0.000000
28654,0.000000
28665,0.000000
28676,0.000000
28687,0.000000
28698,0.000000
28709,0.000000
28721,0.000000
28732,0.000000
28743,0.000000
28755,0.000000
28766,0.000000
28777,0.000000
28788,0.000000
28799,0.000000
28810,0.000000
28821,0.000000
28832,0.000000
28844,0.000000
28856,0.000000
28867,0.000000
28878,0.000000
28889,0.000000
28900,0.000000
28911,0.000000
28922,0.000000
28933,0.000000
28944,0.000000
28957,0.000000
28968,0.000000
28979,0.000000
28990,0.000000
29001,0.000000
29012,0.000000
29023,0.000000
29034,0.000000
29045,0.000000
29058,0.000000
29069,0.000000
29080,0.000000
29091,0.000000
29102,0.590625
29113,1.366875
29124,2.210625
29135,2.396250
29146,3.780000
29159,4.488750
29170,5.400000
29181,6.058125
29192,6.480000
29203,6.952500
29214,6.952500
29225,6.952500
29236,6.243750
29247,5.400000
29260,4.488750
29271,2.514375
29282,1.198125
29293,0.000000
29304,0.000000
29315,0.000000
29326,0.000000
29337,-1.147500
29348,-2.126250
29362,-2.278125
29373,-2.396250
29384,-1.974375
29395,-1.906875
29406,-1.788750
29418,-1.788750
29429,-1.788750
29440,-1.198125
29451,-0.590625
29463,-0.590625
29474,-0.590625
29485,-0.590625
29496,-0.708750
29507,-0.708750
29518,-0.286875
29529,-0.168750
29540,0.000000
29551,0.000000
29563,0.000000
29574,0.000000
29586,0.000000
29597,0.000000
29608,-0.286875
29619,-0.168750
29630,-0.168750
29641,-0.168750
29652,-0.168750
29665,-0.168750
29676,-0.168750
29687,-0.894375
29698,-1.012500
29709,0.000000
29720,0.000000
29731,0.000000
29742,0.000000
29753,0.000000
29765,0.000000
29776,0.000000
29787,0.000000
29798,0.000000
29809,0.000000
29820,0.253125
29832,0.472500
29843,0.590625
29854,0.590625
29866,0.590625
29877,0.472500
29888,0.472500
29899,0.405000
29910,0.286875
29921,0.286875
29932,0.000000
29943,0.000000
29955,0.000000
29968,0.000000
29979,0.000000
29990,0.000000
30001,0.000000
30012,0.000000
30023,0.000000
30034,0.000000
30045,-0.168750
30056,-0.843750
30068,-1.012500
30079,-1.485000
30090,-1.012500
30101,0.000000
30112,0.000000
30123,-0.286875
30134,-2.092500
30145,-3.543750
30156,-4.066875
30170,-3.780000
30181,-2.092500
30192,-1.366875
30203,-1.366875
30214,-1.974375
30225,-2.396250
30236,-2.396250
30247,-2.396250
30258,-2.396250
30270,-2.396250
30281,-1.974375
30292,-1.485000
30303,-1.485000
30314,-1.485000
30325,-1.974375
30336,-2.615625
30347,-2.868750
30358,-3.290625
30371,-3.290625
30384,-3.290625
30395,-2.868750
30406,-2.868750
30417,-3.290625
30428,-3.780000
30439,-4.303125
30450,-4.370625
30461,-3.796875
30472,-2.986875
30483,-1.670625
30494,-1.670625
30505,-2.092500
30516,-2.700000
30527,-2.700000
30538,-2.278125
30549,-1.316250
30560,-0.945000
30578,-0.590625
30589,-0.590625
30600,-0.590625
30611,-0.590625
30622,-0.590625
30633,-0.590625
30644,-1.063125
30655,-1.063125
30666,-1.198125
30677,-1.670625
30688,-1.670625
30699,-1.788750
30710,-1.788750
30721,-2.278125
30732,-3.172500
30743,-3.476250
30754,-3.898125
30765,-3.898125
30776,-3.898125
30787,-4.370625
30798,-4.370625
30809,-4.370625
30820,-4.978125
30831,-5.518125
30842,-5.568750
30853,-5.568750
30865,-5.568750
30880,-5.096250
30891,-4.066875
30902,-4.066875
30913,-4.066875
30924,-4.066875
30935,-3.780000
30947,-3.290625
30958,-3.290625
30969,-2.868750
30980,-2.868750
30991,-2.868750
31002,-3.290625
31013,-3.780000
31024,-4.016250
31035,-4.185000
31046,-4.674375
31057,-4.674375
31068,-5.096250
31083,-5.096250
31094,-5.214375
31105,-5.568750
31116,-5.568750
31127,-5.568750
31138,-5.568750
31149,-5.686875
31160,-5.686875
31171,-5.754375
31182,-5.686875
31193,-5.686875
31204,-5.568750
31215,-5.265000
31226,-5.096250
31237,-4.488750
31248,-4.488750
31259,-4.066875
31270,-3.594375
31282,-3.594375
31293,-3.172500
31304,-2.700000
31316,-2.565000
31327,-2.278125
31338,-2.092500
31349,-2.092500
31360,-2.092500
31371,-2.092500
31385,-2.092500
31396,-2.565000
31407,-2.565000
31418,-2.565000
31429,-2.092500
31440,-2.092500
31451,-2.092500
31462,-2.092500
31473,-2.092500
31484,-2.092500
31495,-2.092500
31506,-1.974375
31517,-1.974375
31528,-1.620000
31539,-1.485000
31550,-1.485000
31561,-1.485000
31572,-1.485000
31583,-1.485000
31594,-1.485000
31606,-1.485000
31617,-1.366875
31628,-1.366875
31639,-1.366875
31650,-1.366875
31661,-1.366875
31672,-1.316250
31685,-1.316250
31696,-1.316250
31707,-1.316250
31718,-1.316250
31729,-1.366875
31740,-1.586250
31751,-1.788750
31762,-1.788750
31773,-1.906875
31786,-2.278125
31797,-2.278125
31808,-2.278125
31819,-2.278125
31830,-2.278125
31841,-2.278125
31852,-2.278125
31863,-2.278125
31874,-2.278125
31887,-2.278125
31898,-1.788750
31909,-1.788750
31920,-1.316250
31931,-1.198125
31942,-1.198125
31953,-1.316250
31964,-1.603125
31975,-1.788750
31988,-1.788750
31999,-2.278125
32010,-2.278125
32021,-2.092500
32032,-2.092500
32043,-2.092500
32054,-2.092500
32065,-2.092500
32076,-2.345625
32089,-2.396250
32100,-2.565000
32111,-2.565000
32122,-2.986875
32133,-2.986875
32144,-2.986875
32155,-3.476250
32166,-3.898125
32177,-4.185000
32190,-4.303125
32201,-4.370625
32212,-4.370625
32223,-4.370625
32234,-4.370625
32245,-4.488750
32256,-4.488750
32267,-4.488750
32278,-4.978125
32291,-4.978125
32303,-4.978125
32314,-4.978125
32325,-4.488750
32336,-4.488750
32347,-4.488750
32358,-4.066875
32369,-4.066875
32380,-4.066875
32392,-4.066875
32403,-4.016250
32414,-3.898125
32425,-3.898125
32436,-3.898125
32447,-3.780000
32458,-3.780000
32469,-3.780000
32480,-3.780000
32494,-3.780000
32505,-4.100625
32516,-4.792500
32527,-5.400000
32538,-6.598125
32549,-6.648750
32560,-6.648750
32571,-6.648750
32582,-7.070625
32597,-7.492500
32608,-7.965000
32619,-8.454375
32630,-8.876250
32641,-9.348750
32652,-9.348750
32663,-9.348750
32674,-9.348750
32685,-9.348750
32697,-9.348750
32708,-9.888750
32719,-9.888750
32730,-9.888750
32741,-9.770625
32752,-9.770625
32763,-9.770625
32774,-9.770625
32785,-9.652500
32797,-9.652500
32808,-9.652500
32819,-9.180000
32830,-9.045000
32842,-9.045000
32853,-9.045000
32864,-8.572500
32875,-8.572500
32886,-8.572500
32900,-8.150625
32911,-8.150625
32922,-8.150625
32933,-8.572500
32944,-8.572500
32955,-8.994375
32966,-9.045000
32977,-9.045000
32988,-9.045000
32999,-9.045000
33010,-9.585000
33021,-9.652500
33032,-9.652500
33043,-9.652500
33054,-9.652500
33065,-9.652500
33076,-9.585000
33088,-9.585000
33100,-9.466875
33111,-9.466875
33122,-9.585000
33133,-9.652500
33144,-9.652500
33155,-9.652500
33166,-9.652500
33177,-9.652500
33188,-9.652500
33201,-9.652500
33212,-9.652500
33223,-10.074375
33234,-10.074375
33245,-10.546875
33256,-10.766251
33267,-10.968750
33278,-10.968750
33289,-11.086875
33302,-11.154375
33313,-11.458125
33324,-11.458125
33335,-11.458125
33346,-11.458125
33357,-11.576250
33368,-12.048750
33379,-12.048750
33390,-12.470625
33403,-12.470625
33414,-12.960000
33425,-13.365000
33436,-13.432500
33447,-13.854375
33458,-14.276250
33469,-14.326876
33480,-14.748751
33491,-14.748751
33504,-14.748751
33515,-14.934375
33526,-14.934375
33537,-14.985001
33548,-14.985001
33559,-14.985001
33570,-14.985001
33581,-14.934375
33592,-14.934375
33605,-14.934375
33616,-14.866876
33627,-14.866876
33638,-14.934375
33649,-15.356250
33660,-15.778125
33671,-16.250626
33682,-16.790625
33693,-17.263124
33709,-17.330626
33720,-17.820000
33731,-17.820000
33742,-17.870625
33753,-17.938126
33764,-18.225000
33775,-18.225000
33786,-18.360001
33797,-18.832500
33808,-19.068750
33819,-19.305000
33830,-19.676250
33841,-20.030624
33852,-20.570625
33863,-20.925001
33874,-21.414375
33885,-22.494375
33896,-23.152500
33908,-23.692501
33919,-24.468750
33930,-24.890625
33941,-25.380001
33952,-25.920000
33963,-25.920000
33974,-26.325001
33985,-26.325001
33996,-26.392500
34009,-26.392500
34020,-26.392500
34031,-26.392500
34042,-26.392500
34053,-26.460001
34064,-26.865000
34075,-26.865000
34086,-27.354376
34097,-27.405001
34110,-27.945000
34121,-28.366875
34132,-29.227501
34143,-29.868750
34154,-29.986876
34165,-29.986876
34176,-29.986876
34187,-29.986876
34198,-29.986876
34211,-29.986876
34222,-29.986876
34233,-29.986876
34244,-29.986876
34255,-29.986876
34266,-29.986876
34277,-29.986876
34288,-29.986876
34299,-29.986876
34311,-29.986876
34322,-29.986876
34333,-29.986876
34344,-29.986876
34355,-29.986876
34366,-29.986876
34377,-29.986876
34390,-29.986876
34401,-29.986876
34413,-29.986876
34424,-29.986876
34435,-29.986876
34447,-29.986876
34458,-29.986876
34469,-29.986876
34480,-29.986876
34491,-29.986876
34502,-29.986876
34514,-29.986876
34525,-29.986876
34536,-29.986876
34547,-29.986876
34558,-29.986876
34570,-29.986876
34581,-29.986876
34592,-29.986876
34603,-29.986876
34617,-29.986876
34628,-29.986876
34639,-29.986876
34650,-29.986876
34661,-29.986876
34672,-29.986876
34683,-29.986876
34694,-29.986876
34705,-29.986876
34716,-29.986876
34727,-29.986876
34738,-29.986876
34749,-29.986876
34760,-29.986876
34771,-29.986876
34782,-29.986876
34793,-29.986876
34804,-29.986876
34817,-29.986876
34828,-29.986876
34839,-29.986876
34850,-29.986876
34861,-29.986876
34872,-29.986876
34883,-29.986876
34894,-29.986876
34905,-29.986876
34918,-29.986876
34929,-29.986876
34940,-29.986876
34951,-29.986876
34962,-29.986876
34973,-29.986876
34984,-29.986876
34995,-29.986876
35006,-29.986876
35019,-29.986876
35030,-29.986876
35041,-29.986876
35052,-29.986876
35063,-29.986876
35074,-29.986876
35085,-29.986876
35096,-29.986876
35107,-29.986876
35120,-29.986876
35131,-29.986876
35142,-29.986876
35153,-29.986876
35164,-29.986876
35175,-29.986876
35186,-29.986876
35197,-29.986876
35208,-29.986876
35221,-29.986876
35232,-29.986876
35243,-29.986876
35254,-29.986876
35265,-29.986876
35276,-29.986876
35287,-29.986876
35298,-29.986876
35309,-29.986876
35322,-29.986876
35333,-29.986876
35344,-29.986876
35355,-29.986876
35366,-29.986876
35377,-29.986876
35389,-29.986876
35400,-29.986876
35411,-29.986876
35423,-29.986876
35434,-29.986876
35445,-29.986876
35456,-29.986876
35467,-29.986876
35478,-29.986876
35489,-29.986876
35500,-29.986876
35511,-29.986876
35525,-29.986876
35536,-29.986876
35547,-29.986876
35558,-29.986876
35569,-29.986876
35580,-29.986876
35591,-29.986876
35602,-29.986876
35613,-29.986876
35625,-29.986876
35636,-29.986876
35647,-29.986876
35658,-29.986876
35669,-29.986876
35680,-29.986876
35691,-29.986876
35702,-29.986876
35713,-29.986876
35727,-29.986876
35738,-29.986876
35749,-29.986876
35760,-29.986876
35771,-29.986876
35782,-29.986876
35793,-29.986876
35804,-29.986876
35815,-29.986876
35827,-29.986876
35838,-29.986876
35850,-29.986876
35861,-29.986876
35872,-29.986876
35883,-29.986876
35894,-29.986876
35905,-29.986876
35916,-29.986876
35928,-29.986876
35939,-29.986876
35950,-29.986876
35961,-29.986876
35973,-29.986876
35984,-29.986876
35995,-29.986876
36006,-29.986876
36017,-29.986876
36029,-29.986876
36040,-29.986876
36051,-29.986876
36062,-29.986876
36073,-29.986876
36084,-29.986876
36096,-29.986876
36107,-29.986876
36118,-29.986876
36130,-29.986876
36141,-29.986876
36152,-29.986876
36163,-29.986876
36174,-29.986876
36185,-29.986876
36196,-29.986876
36207,-29.986876
36219,-29.986876
36231,-29.986876
36242,-29.986876
36253,-29.986876
36264,-29.986876
36275,-29.986876
36286,-29.986876
36297,-29.986876
36308,-29.986876
36319,-29.986876
36332,-29.986876
36343,-29.986876
36354,-29.986876
36365,-29.986876
36376,-29.986876
36387,-29.986876
36398,-29.986876
36409,-29.986876
36420,-29.986876
36433,-29.986876
36444,-29.986876
36455,-29.986876
36466,-29.986876
36477,-29.986876
36488,-29.986876
36499,-29.986876
36510,-29.986876
36521,-29.986876
36533,-29.986876
36544,-29.986876
36555,-29.986876
36566,-29.986876
36577,-29.986876
36588,-29.986876
36599,-29.986876
36610,-29.986876
36621,-29.986876
36636,-29.986876
36647,-29.986876
36658,-29.986876
36670,-29.986876
36681,-29.986876
36692,-29.986876
36703,-29.986876
36714,-29.986876
36725,-29.986876
36736,-29.986876
36747,-29.986876
36758,-29.986876
36769,-29.986876
36780,-29.986876
36791,-29.986876
36802,-29.986876
36813,-29.986876
36824,-29.986876
36839,-29.986876
36850,-29.986876
36861,-29.986876
36872,-29.986876
36883,-29.986876
36894,-29.986876
36905,-29.986876
36916,-29.986876
36927,-29.986876
36938,-29.986876
36949,-29.986876
36961,-29.986876
36972,-29.986876
36983,-29.986876
36994,-29.986876
37005,-29.986876
37016,-29.986876
37027,-29.986876
37039,-29.986876
37050,-29.986876
37061,-29.986876
37072,-29.986876
37084,-29.986876
37095,-29.986876
37106,-29.986876
37117,-29.986876
37128,-29.986876
37139,-29.986876
37150,-29.986876
37161,-29.986876
37172,-29.986876
37183,-29.986876
37194,-29.986876
37205,-29.986876
37216,-29.986876
37227,-29.986876
37242,-29.986876
37253,-29.986876
37264,-29.986876
37275,-29.986876
37286,-29.986876
37297,-29.986876
37308,-29.986876
37319,-29.986876
37330,-29.986876
37342,-29.986876
37353,-29.986876
37364,-29.986876
37375,-29.986876
37386,-29.986876
37397,-29.986876
37408,-29.986876
37419,-29.986876
37430,-29.986876
37443,-29.986876
37454,-29.986876
37465,-29.986876
37476,-29.986876
37487,-29.986876
37498,-29.986876
37509,-29.986876
37520,-29.986876
37531,-29.986876
37544,-29.986876
37555,-29.986876
37566,-29.986876
37577,-29.986876
37588,-29.986876
37599,-29.986876
37610,-29.986876
37621,-29.986876
37632,-29.986876
37646,-29.986876
37658,-29.986876
37669,-29.986876
37680,-29.986876
37691,-29.986876
37702,-29.986876
37713,-29.986876
37724,-29.986876
37735,-29.986876
37746,-29.986876
37757,-29.986876
37768,-29.986876
37779,-29.986876
37790,-29.986876
37801,-29.986876
37812,-29.986876
37823,-29.986876
37834,-29.986876
37847,-29.986876
37858,-29.986876
37869,-29.986876
37880,-29.986876
37891,-29.986876
37902,-29.986876
37913,-29.986876
37924,-29.986876
37935,-29.986876
37949,-29.986876
37960,-29.986876
37971,-29.986876
37982,-29.986876
37993,-29.986876
38004,-29.986876
38015,-29.986876
38026,-29.986876
38037,-29.986876
38049,-29.986876
38060,-29.986876
38072,-29.986876
38083,-29.986876
38094,-29.986876
38105,-29.986876
38116,-29.986876
38127,-29.986876
38138,-29.986876
38150,-29.986876
38161,-29.986876
38172,-29.986876
38183,-29.986876
38194,-29.986876
38205,-29.986876
38216,-29.986876
38227,-29.986876
38238,-29.986876
38251,-29.986876
38262,-29.986876
38273,-29.986876
38284,-29.986876
38295,-29.986876
38306,-29.986876
38318,-29.986876
38329,-29.986876
38340,-29.986876
38352,-29.986876
38363,-29.986876
38374,-29.986876
38385,-29.986876
38396,-29.986876
38407,-29.986876
38418,-29.986876
38429,-29.986876
38441,-29.986876
38453,-29.986876
38464,-29.986876
38475,-29.986876
38486,-29.986876
38497,-29.986876
38508,-29.986876
38519,-29.986876
38530,-29.986876
38541,-29.986876
38554,-29.986876
38565,-29.986876
38576,-29.986876
38587,-29.986876
38598,-29.986876
38609,-29.986876
38620,-29.986876
38631,-29.986876
38642,-29.986876
38655,-29.986876
38666,-29.986876
38677,-29.986876
38688,-29.986876
38699,-29.986876
38710,-29.986876
38721,-29.986876
38732,-29.986876
38743,-29.986876
38756,-29.986876
38767,-29.986876
38778,-29.986876
38789,-29.986876
38800,-29.986876
38811,-29.986876
38822,-29.986876
38833,-29.986876
38844,-29.986876
38857,-29.986876
38868,-29.986876
38879,-29.565001
38890,-27.945000
38901,-26.122501
38912,-24.536251
38923,-23.034376
38934,-21.110626
38945,-19.305000
38958,-18.225000
38969,-16.335001
38980,-15.069375
38991,-14.158125
39002,-13.246875
39013,-12.352500
39024,-11.694375
39035,-10.968750
39046,-9.888750
39060,-9.348750
39071,-8.758125
39082,-8.454375
39093,-7.965000
39104,-7.846875
39115,-7.374375
39126,-7.374375
39137,-6.952500
39148,-6.952500
39160,-6.952500
39171,-6.952500
39183,-6.885000
39194,-6.885000
39205,-6.766875
39216,-6.766875
39227,-6.766875
39238,-6.766875
39249,-6.766875
39260,-6.766875
39271,-6.648750
39282,-6.648750
39293,-6.176250
39304,-6.176250
39315,-6.058125
39326,-5.568750
39337,-5.265000
39348,-5.214375
39361,-4.674375
39372,-4.066875
39383,-4.016250
39394,-3.476250
39405,-3.172500
39416,-2.885625
39427,-2.700000
39438,-2.278125
39449,-1.670625
39462,-1.198125
39473,-0.776250
39484,-0.776250
39495,-0.708750
39506,-0.168750
39517,-0.168750
39528,-0.168750
39539,-0.168750
39550,-0.168750
39564,-0.101250
39575,0.000000
39586,0.000000
39597,0.000000
39608,0.000000
39619,0.000000
39630,0.000000
39641,0.000000
39652,0.000000
39665,0.000000
39676,0.000000
39687,0.000000
39698,0.000000
39709,0.000000
39720,0.000000
39731,0.000000
39742,0.000000
39753,0.000000
39766,0.000000
39777,0.000000
39788,0.000000
39799,0.000000
39810,0.000000
39821,0.000000
39832,0.000000
39843,0.000000
39854,0.000000
39867,0.000000
39878,0.000000
39889,0.000000
39900,0.000000
39911,0.000000
39922,0.000000
39933,0.000000
39944,0.000000
39955,0.000000
39968,0.000000
39979,0.000000
39990,0.000000
40001,0.000000
40012,0.000000
40023,0.000000
40034,0.000000
40046,0.000000
40057,0.000000
40069,0.000000
40080,0.000000
40091,0.000000
40102,0.000000
40113,0.000000
40124,0.000000
40135,0.000000
40146,0.000000
40157,0.000000
40171,0.000000
40182,0.000000
40193,0.000000
40204,0.000000
40215,0.000000
40226,0.000000
40237,0.000000
40248,0.000000
40259,0.000000
40275,0.000000
40286,0.000000
40297,0.000000
40308,0.000000
40319,0.000000
40330,0.000000
40341,0.000000
40352,0.000000
40363,0.000000
40374,0.000000
40385,0.000000
40396,0.000000
40407,0.000000
40418,0.000000
40429,0.000000
40440,0.000000
40451,0.000000
40462,0.000000
40473,0.000000
40484,0.000000
40495,0.000000
40506,0.000000
40517,0.000000
40528,0.000000
40540,0.000000
40551,0.000000
40562,0.000000
40574,0.000000
40585,0.000000
40596,0.000000
40607,0.000000
40618,0.000000
40629,0.000000
40640,0.000000
40651,0.000000
40663,0.000000
40675,0.000000
40686,0.000000
40697,0.000000
40708,0.000000
40719,0.000000
40730,0.000000
40741,0.000000
40752,0.000000
40763,0.000000
40776,0.000000
40788,0.000000
40799,0.000000
40810,0.000000
40821,0.000000
40832,0.000000
40843,0.000000
40854,0.000000
40865,0.000000
40877,0.000000
40888,0.000000
40899,0.000000
40910,0.000000
40921,0.000000
40932,0.000000
40943,0.000000
40954,0.000000
40965,0.000000
40977,0.000000
40988,0.000000
40999,0.000000
41010,0.000000
41021,0.000000
41032,0.000000
41043,0.000000
41054,0.000000
41065,0.000000
41079,0.000000
41090,0.000000
41101,0.000000
41112,0.000000
41123,0.000000
41134,0.000000
41145,0.000000
41156,0.000000
41167,0.000000
41180,0.000000
41191,0.000000
41202,0.000000
41213,0.000000
41224,0.000000
41235,0.000000
41246,0.000000
41257,0.000000
41268,0.000000
41283,0.000000
41294,0.000000
41305,0.000000
41316,0.000000
41327,0.000000
41338,0.000000
41349,0.000000
41360,0.000000
41371,0.000000
41382,0.000000
41393,0.000000
41405,0.000000
41416,0.000000
41427,0.000000
41438,0.000000
41449,0.000000
41460,0.000000
41471,0.000000
41482,0.000000
41493,0.000000
41504,0.000000
41515,0.000000
41526,0.000000
41537,0.000000
41548,0.000000
41559,0.000000
41570,0.000000
41584,0.000000
41595,0.000000
41606,0.000000
41617,0.000000
41628,0.000000
41639,0.000000
41651,0.000000
41662,0.000000
41673,0.000000
41685,0.000000
41696,0.000000
41707,0.000000
41718,0.000000
41729,0.000000
41740,0.000000
41751,0.000000
41762,0.000000
41774,0.000000
41786,-0.472500
41797,-0.894375
41808,-0.894375
41819,-0.894375
41830,-1.012500
41841,-1.063125
41852,-1.063125
41863,0.000000
41874,0.000000
41887,0.000000
41898,0.000000
41909,0.000000
41920,0.000000
41931,0.000000
41942,0.000000
41953,0.000000
41964,0.000000
41975,0.000000
41988,0.000000
41999,0.000000
42010,0.000000
42021,0.000000
42032,0.000000
42043,0.000000
42054,0.000000
42065,0.000000
42076,0.000000
42089,0.000000
42100,0.000000
42111,0.000000
42122,0.000000
42133,0.000000
42144,0.000000
42155,0.000000
42166,0.000000
42177,0.000000
42190,0.000000
42201,0.000000
42212,0.000000
42223,0.000000
42234,0.000000
42245,0.000000
42256,0.000000
42267,0.000000
42278,0.000000
42291,0.000000
42302,0.000000
42313,0.000000
42324,0.000000
42335,0.000000
42346,0.000000
42357,0.000000
42368,0.000000
42379,0.000000
42393,0.000000
42404,0.000000
42415,0.000000
42426,0.000000
42437,0.000000
42448,0.000000
42459,0.000000
42470,0.000000
42481,0.000000
42492,0.000000
42503,0.000000
42514,0.000000
42525,0.000000
42536,0.000000
42547,0.000000
42558,0.000000
42569,0.000000
42580,0.000000
42593,0.000000
42604,0.000000
42615,0.000000
42626,0.000000
42637,0.000000
42648,0.000000
42659,0.000000
42670,0.000000
42681,0.000000
42695,0.000000
42706,0.000000
42717,0.000000
42728,0.000000
42739,0.000000
42750,0.000000
42762,0.000000
42773,0.000000
42784,0.000000
42795,0.000000
42806,0.000000
42817,0.000000
42828,0.000000
42839,0.000000
42850,0.000000
42861,0.000000
42872,0.000000
42883,0.000000
42897,0.000000
42908,0.000000
42919,0.000000
42930,0.000000
42941,0.000000
42952,0.000000
42963,0.000000
42974,0.000000
42985,0.000000
42997,0.000000
43008,0.000000
43019,0.000000
43030,0.000000
43041,0.000000
43052,0.000000
43063,0.000000
43074,0.000000
43085,0.000000
43099,0.000000
43110,0.000000
43121,0.590625
43132,0.590625
43143,0.168750
43154,0.168750
43165,1.940625
43176,3.847500
43187,5.686875
43200,6.598125
43211,7.374375
43222,7.374375
43233,6.480000
43244,5.146875
43255,3.594375
43266,2.514375
43277,1.215000
43288,0.590625
43301,0.472500
43312,0.000000
43323,0.000000
43334,0.000000
43345,0.000000
43356,0.000000
43367,0.000000
43378,0.000000
43389,0.000000
43405,0.000000
43416,0.000000
43427,0.000000
43438,0.000000
43449,0.000000
43460,0.000000
43471,0.000000
43482,0.000000
43493,0.000000
43506,0.000000
43517,0.000000
43528,0.000000
43539,0.000000
43550,0.000000
43561,0.000000
43572,0.000000
43583,0.000000
43594,0.000000
43607,0.000000
43618,0.000000
43629,0.000000
43640,0.000000
43651,0.000000
43662,0.000000
43673,0.000000
43684,0.000000
43695,0.000000
43709,0.000000
43720,0.000000
43731,0.000000
43742,0.000000
43753,0.000000
43764,0.000000
43775,0.000000
43786,0.000000
43797,0.000000
43809,0.000000
43820,0.000000
43832,0.000000
43843,0.000000
43854,0.000000
43865,0.000000
43876,0.000000
43887,0.000000
43898,0.000000
43910,0.000000
43921,0.000000
43932,0.000000
43943,0.000000
43955,0.000000
43966,0.000000
43977,0.000000
43988,0.000000
43999,0.000000
44011,0.000000
44022,0.000000
44033,0.000000
44044,0.000000
44055,0.000000
44066,0.000000
44078,0.000000
44089,0.000000
44100,0.000000
44112,0.000000
44123,0.000000
44134,0.000000
44145,0.000000
44156,0.000000
44167,0.000000
44178,0.000000
44189,0.000000
44201,0.000000
44213,0.000000
44224,0.000000
44235,0.000000
44246,0.000000
44257,0.000000
44268,0.000000
44279,0.000000
44290,0.000000
44301,0.000000
44314,0.000000
44325,0.000000
44336,0.000000
44347,0.000000
44358,0.000000
44369,0.000000
44380,0.000000
44391,0.000000
44402,0.000000
44414,0.000000
44425,0.000000
44436,0.000000
44447,0.000000
44458,0.000000
44469,0.000000
44480,0.000000
44491,0.000000
44502,0.000000
44516,0.000000
44527,0.000000
44538,0.000000
44549,0.000000
44560,0.000000
44571,0.000000
44582,0.000000
44593,0.000000
44604,0.000000
44617,0.000000
44628,0.000000
44639,0.000000
44650,0.000000
44661,0.000000
44672,0.000000
44683,0.000000
44694,0.000000
44705,0.000000
44718,0.000000
44729,0.000000
44740,0.000000
44751,0.000000
44762,0.000000
44773,0.000000
44784,0.000000
44795,0.000000
44806,0.000000
44822,0.000000
44833,0.000000
44844,0.000000
44855,0.000000
44866,0.000000
44877,0.000000
44888,0.000000
44899,0.000000
44910,0.000000
44921,0.000000
44932,0.000000
44943,0.000000
44954,0.000000
44965,0.000000
44976,0.000000
44987,0.000000
44998,0.000000
45009,0.000000
45021,0.000000
45032,0.000000
45043,0.000000
45054,0.000000
45065,0.000000
45076,0.000000
45087,0.000000
45098,0.000000
45109,0.000000
45122,0.000000
45133,0.000000
45144,0.000000
45155,0.000000
45166,0.000000
45177,0.000000
45188,0.000000
45199,0.000000
45210,0.000000
45223,0.000000
45234,0.000000
45245,0.000000
45256,0.000000
45267,0.000000
45278,0.000000
45289,0.000000
45300,0.000000
45311,0.000000
45323,0.000000
45334,0.000000
45345,0.000000
45356,0.000000
45367,0.000000
45378,0.000000
45389,0.000000
45400,0.000000
45411,0.000000
45425,0.000000
45437,0.000000
45448,0.000000
45459,0.000000
45470,0.000000
45481,0.000000
45492,0.000000
45503,0.000000
45514,0.000000
45525,0.000000
45536,0.000000
45547,0.000000
45558,0.000000
45569,0.000000
45580,0.000000
45591,0.000000
45602,0.000000
45613,0.000000
45627,0.000000
45638,0.000000
45649,0.000000
45660,0.000000
45671,0.000000
45683,0.000000
45694,0.000000
45705,0.000000
45716,0.000000
45728,0.000000
45739,0.000000
45750,0.000000
45761,0.000000
45772,0.000000
45783,0.000000
45794,0.000000
45805,0.000000
45816,0.000000
45829,0.000000
45840,0.000000
45851,0.000000
45862,0.000000
45873,0.000000
45884,0.000000
45895,0.000000
45906,0.000000
45917,0.000000
45929,0.000000
45940,0.000000
45951,0.000000
45962,0.000000
45974,0.000000
45985,0.000000
45996,0.000000
46007,0.000000
46018,0.000000
46031,0.000000
46042,0.000000
46053,0.000000
46064,0.000000
46075,0.000000
46086,0.000000
46097,0.000000
46108,0.000000
46119,0.000000
46132,0.000000
46143,0.000000
46154,0.000000
46165,0.000000
46176,0.000000
46187,0.000000
46198,0.000000
46209,0.000000
46220,0.000000
46233,0.000000
46244,0.000000
46255,0.000000
46266,0.000000
46277,0.000000
46288,0.000000
46299,0.000000
46310,0.000000
46321,0.000000
46334,0.000000
46345,0.000000
46356,0.000000
46367,0.000000
46378,0.000000
46389,0.000000
46403,0.000000
46414,0.000000
46425,0.000000
46436,0.000000
46447,0.000000
46458,0.000000
46469,0.000000
46480,0.000000
46491,0.000000
46502,0.000000
46513,0.000000
46524,0.000000
46536,0.000000
46548,0.000000
46559,0.000000
46570,0.000000
46581,0.000000
46592,0.000000
46603,0.000000
46614,0.000000
46625,0.000000
46637,0.000000
46648,0.000000
46659,0.000000
46671,0.000000
46682,0.000000
46693,0.000000
46704,0.000000
46715,0.000000
46726,0.000000
46738,0.000000
46749,0.000000
46760,0.000000
46771,0.000000
46782,0.000000
46794,0.000000
46805,0.000000
46816,0.000000
46827,0.000000
46840,0.000000
46851,0.000000
46862,0.000000
46873,0.000000
46884,0.000000
46895,0.000000
46906,0.000000
46917,0.000000
46928,0.000000
46940,0.000000
46951,0.000000
46963,0.000000
46974,0.000000
46985,0.000000
46996,0.000000
47007,0.000000
47018,0.000000
47029,0.000000
47041,0.000000
47052,0.000000
47063,0.000000
47074,0.000000
47086,0.000000
47097,0.000000
47108,0.000000
47119,0.000000
47130,0.000000
47142,0.000000
47153,0.000000
47164,0.000000
47175,0.000000
47186,0.000000
47197,0.000000
47211,0.000000
47222,0.000000
47233,0.000000
47244,0.000000
47255,0.000000
47266,0.000000
47277,0.000000
47288,0.000000
47299,0.000000
47310,0.000000
47321,0.000000
47332,0.000000
47344,0.000000
47355,0.000000
47366,0.000000
47377,0.000000
47388,0.000000
47402,0.000000
47414,0.000000
47425,0.000000
47436,0.000000
47447,0.000000
47458,0.000000
47469,0.000000
47480,0.000000
47491,0.000000
47502,0.000000
47513,0.000000
47524,0.000000
47535,0.000000
47546,0.000000
47557,0.000000
47568,0.000000
47579,0.000000
47590,0.000000
47601,0.000000
47612,0.000000
47623,0.000000
47634,0.000000
47647,0.000000
47658,0.000000
47669,0.000000
47680,0.000000
47691,0.000000
47702,0.000000
47713,0.000000
47724,0.000000
47735,0.000000
47748,0.000000
47759,0.000000
47770,0.000000
47781,0.000000
47792,0.000000
47803,0.000000
47814,0.000000
47825,0.000000
47836,0.000000
47849,0.000000
47860,0.000000
47871,0.000000
47882,0.000000
47893,0.000000
47904,0.000000
47915,0.000000
47926,0.000000
47937,0.000000
47951,0.000000
47962,0.000000
47973,0.000000
47984,0.000000
47995,0.000000
48006,0.000000
48017,0.000000
48028,0.000000
48039,0.000000
48052,0.000000
48063,0.000000
48074,0.000000
48085,0.000000
48096,0.000000
48107,0.000000
48118,0.000000
48129,0.000000
48140,0.000000
48152,0.000000
48163,0.000000
48174,0.000000
48185,0.000000
48197,0.000000
48208,0.000000
48219,0.000000
48230,0.000000
48241,0.000000
48253,0.000000
48264,0.000000
48275,0.000000
48286,0.000000
48297,0.000000
48308,0.000000
48320,0.000000
48331,0.000000
48342,0.000000
48354,0.000000
48365,0.000000
48376,0.000000
48387,0.000000
48398,0.000000
