10501,4477455.412842,589661.165765,6729.200000
10605,4477458.307479,589661.116269,780.100000
10704,4477458.301171,589661.108626,773.800000
10805,4477458.296635,589661.100707,767.700000
10906,4477458.287778,589661.093434,761.800000
11007,4477458.285573,589661.085487,756.100000
11109,4477458.281061,589661.079519,750.500000
11209,4477458.277772,589661.073706,745.100000
11310,4477458.278680,589661.066061,739.800000
11411,4477458.278636,589661.062415,734.600000
11512,4477458.277600,589661.059373,729.500000
11613,4477458.273878,589661.054498,724.600000
11716,4477458.276164,589661.050654,719.700000
11818,4477458.269125,589661.046922,714.900000
11918,4477458.268648,589661.044213,710.100000
12019,4477458.268278,589661.041079,705.400000
12120,4477458.264818,589661.039509,700.800000
12221,4477458.261582,589661.038191,696.400000
12322,4477458.263433,589661.035115,692.200000
12424,4477458.261306,589661.033698,688.000000
12525,4477458.264155,589661.030526,683.800000
12626,4477458.262801,589661.028676,679.800000
12728,4477458.261669,589661.026908,675.800000
12828,4477458.262104,589661.026140,671.900000
12929,4477458.266515,589661.023627,668.100000
13030,4477458.266948,589661.022689,664.300000
13131,4477458.425784,589660.695587,1465.000000
13232,4477458.559265,589660.587455,1252.800000
13333,4477458.658741,589660.532149,1112.600000
13434,4477458.723528,589660.509660,1013.000000
13535,4477458.777889,589660.506549,936.100000
13636,4477458.815006,589660.500337,874.300000
13738,4477458.865236,589660.504571,824.100000
13839,4477458.914125,589660.507972,781.600000
13939,4477458.950313,589660.516954,745.500000
14040,4477458.988518,589660.527438,713.800000
14141,4477459.012036,589660.544545,683.600000
14242,4477459.046967,589660.559734,656.300000
14343,4477459.094854,589660.572223,631.600000
14445,4477459.128743,589660.593192,609.100000
14545,4477459.156366,589660.609994,588.900000
14646,4477459.192868,589660.635937,569.600000
14748,4477459.230114,589660.659071,551.900000
14848,4477459.258565,589660.698765,495.500000
14949,4477459.267645,589660.743187,457.200000
15050,4477459.296056,589660.797980,428.100000
15151,4477459.392274,589660.878595,385.000000
15252,4477459.477561,589660.936354,353.700000
15353,4477459.538611,589661.000426,330.000000
15454,4477459.581179,589661.060138,310.700000
15555,4477459.618230,589661.122631,294.500000
15658,4477459.655010,589661.171726,280.800000
15759,4477459.679657,589661.236742,269.700000
15860,4477459.700641,589661.292557,259.800000
15961,4477459.737658,589661.352251,251.400000
16062,4477459.804781,589661.404291,237.200000
16163,4477459.864505,589661.450396,225.000000
16264,4477459.883997,589661.502073,215.400000
16365,4477459.920037,589661.545069,206.900000
16466,4477459.924841,589661.603198,199.700000
16567,4477459.929095,589661.661758,193.300000
16668,4477459.938380,589661.723311,187.900000
16769,4477459.947082,589661.791826,183.400000
16870,4477459.936104,589661.857778,179.500000
16971,4477459.919719,589661.917263,175.800000
17072,4477459.626225,589663.079504,14.100000
17173,4477459.609580,589663.135769,14.100000
17274,4477459.589517,589663.203272,14.100000
17375,4477459.587737,589663.267926,14.100000
17476,4477459.573658,589663.325263,14.100000
17577,4477459.568729,589663.395723,14.100000
17678,4477459.561681,589663.456114,14.100000
17779,4477459.547089,589663.526265,14.100000
17880,4477459.536346,589663.602562,14.100000
17981,4477459.535000,589663.666363,14.100000
18082,4477459.526566,589663.731521,14.100000
18183,4477459.511507,589663.809057,14.100000
18284,4477459.500755,589663.866100,14.100000
18385,4477459.486189,589663.938372,14.100000
18486,4477459.478874,589664.013525,14.100000
18587,4477459.463743,589664.075795,14.100000
18688,4477459.450359,589664.144744,14.100000
18789,4477459.449386,589664.211848,14.100000
18890,4477459.442017,589664.273261,14.100000
18991,4477459.422535,589664.333717,14.100000
19092,4477459.408102,589664.398522,14.100000
19193,4477459.401417,589664.461454,14.100000
19294,4477459.387555,589664.518365,14.100000
19395,4477459.377968,589664.579974,14.100000
19496,4477459.373386,589664.642372,14.100000
19597,4477459.360293,589664.707925,14.100000
19698,4477459.354445,589664.766520,14.100000
19799,4477459.347503,589664.835817,14.100000
19900,4477459.337103,589664.894382,14.100000
20001,4477459.331478,589664.953145,14.100000
20102,4477459.316442,589665.013971,14.100000
20203,4477459.304467,589665.070859,14.100000
20304,4477459.298315,589665.141249,14.100000
20405,4477459.292862,589665.195769,14.100000
20506,4477459.284676,589665.244553,14.100000
20609,4477459.280454,589665.337058,14.100000
20709,4477459.259687,589665.392100,14.100000
20809,4477459.252836,589665.431878,14.100000
20910,4477459.242032,589665.466020,14.100000
21113,4477459.232457,589665.528647,14.100000
21213,4477459.234841,589665.551605,14.100000
21314,4477459.231838,589665.569708,14.100000
21416,4477459.231459,589665.584386,14.100000
21517,4477459.224366,589665.594649,14.100000
21618,4477459.218910,589665.602603,14.100000
21719,4477459.219680,589665.611245,14.100000
21820,4477459.218389,589665.614738,14.100000
21921,4477459.227057,589665.615398,14.100000
22022,4477459.227341,589665.620569,14.100000
22123,4477459.229547,589665.628685,14.100000
22224,4477459.227442,589665.638295,14.100000
22325,4477459.225495,589665.651889,14.100000
22426,4477459.231970,589665.673441,14.100000
22527,4477459.219370,589665.696663,14.100000
22628,4477459.218760,589665.729156,14.100000
22729,4477459.217738,589665.764369,14.100000
22830,4477459.218681,589665.806004,14.100000
22931,4477459.209415,589665.857346,14.100000
23032,4477459.202280,589665.910529,14.100000
23134,4477459.198528,589665.967997,14.100000
23235,4477459.193450,589666.035320,14.100000
23336,4477459.182826,589666.112379,14.100000
23437,4477459.161497,589666.176080,14.100000
23538,4477459.170272,589666.269192,14.100000
23639,4477459.153900,589666.339026,14.100000
23740,4477459.133570,589666.421375,14.100000
23841,4477459.135535,589666.520591,14.100000
23942,4477459.112835,589666.608906,14.100000
24043,4477459.096242,589666.706647,14.100000
24144,4477459.091154,589666.810189,14.100000
24245,4477459.081736,589666.913782,14.100000
24346,4477459.075632,589667.034469,14.100000
24447,4477459.080610,589667.135006,14.100000
24548,4477459.035716,589667.242672,14.600000
24649,4477459.032590,589667.371042,14.100000
24750,4477459.011352,589667.498102,14.100000
24851,4477458.991080,589667.622352,14.100000
24952,4477458.997633,589667.733812,14.100000
25053,4477458.973007,589667.856078,14.100000
25154,4477458.948435,589667.982754,14.100000
25255,4477458.926720,589668.107021,14.100000
25356,4477458.902795,589668.232162,14.100000
25457,4477458.891922,589668.362576,14.100000
25558,4477458.858587,589668.489866,14.100000
25659,4477458.832734,589668.611638,14.100000
25761,4477458.807278,589668.738664,14.100000
25862,4477458.778881,589668.870475,14.100000
25963,4477458.747784,589668.999265,14.100000
26064,4477458.718945,589669.131251,14.100000
26165,4477458.678638,589669.260405,14.100000
26266,4477458.640844,589669.386222,14.100000
26367,4477458.587834,589669.520787,14.100000
26468,4477458.537882,589669.641830,14.100000
26569,4477458.504587,589669.772512,14.100000
26670,4477458.454770,589669.895504,14.100000
26771,4477458.409501,589670.027517,14.100000
26872,4477458.389939,589670.155490,14.100000
26973,4477458.346562,589670.287820,14.100000
27074,4477458.300403,589670.410429,14.100000
27175,4477458.257057,589670.545388,14.100000
27276,4477458.220292,589670.682982,14.600000
27377,4477458.199038,589670.817931,14.100000
27478,4477458.132362,589670.960887,14.100000
27579,4477458.102667,589671.104758,14.100000
27680,4477458.064030,589671.252893,14.100000
27781,4477458.037276,589671.410639,14.100000
27882,4477457.969214,589671.558278,14.100000
27983,4477457.923488,589671.735590,14.100000
28084,4477457.879189,589671.892953,14.100000
28185,4477457.818051,589672.090467,14.100000
28286,4477457.758629,589672.282872,14.100000
28387,4477457.701190,589672.492557,14.100000
28488,4477457.626598,589672.725348,14.100000
28589,4477457.555556,589672.976502,14.100000
28690,4477457.477643,589673.228672,14.100000
28791,4477457.409174,589673.499983,14.100000
28892,4477457.327016,589673.768405,14.100000
28993,4477457.258087,589674.029119,14.900000
29094,4477457.156269,589674.296843,14.100000
29195,4477457.073422,589674.535585,14.100000
29296,4477457.018069,589674.789691,14.100000
29397,4477456.959437,589675.038831,14.100000
29498,4477456.879626,589675.262184,14.100000
29599,4477456.813140,589675.495133,14.100000
29700,4477456.743618,589675.715650,14.100000
29801,4477456.686118,589675.938736,14.100000
29902,4477456.634200,589676.164470,14.100000
30003,4477456.569024,589676.358471,14.100000
30104,4477456.522695,589676.550295,14.100000
30205,4477456.452134,589676.739610,14.100000
30306,4477456.408740,589676.916895,14.100000
30407,4477456.348925,589677.085809,14.100000
30509,4477456.258036,589677.422446,14.100000
30710,4477456.213185,589677.580070,14.100000
30812,4477456.130562,589677.893197,14.100000
30912,4477456.073100,589678.054619,14.100000
31114,4477456.027408,589678.197579,14.100000
31216,4477455.943384,589678.486380,14.100000
31316,4477455.909508,589678.624194,14.100000
31417,4477455.870895,589678.755788,14.100000
31518,4477455.833793,589678.892963,14.100000
31619,4477455.794358,589679.020835,14.100000
31720,4477455.761850,589679.143025,14.100000
31821,4477455.733343,589679.274923,14.100000
31923,4477455.697286,589679.406656,14.100000
32024,4477455.656429,589679.526996,14.100000
32125,4477455.620498,589679.660000,14.100000
32226,4477455.591683,589679.775446,14.100000
32327,4477455.555108,589679.901078,14.100000
32429,4477455.514419,589680.026166,14.100000
32530,4477455.485534,589680.154251,14.100000
32631,4477455.452223,589680.274331,14.100000
32732,4477455.415789,589680.393177,14.100000
32833,4477455.391898,589680.521117,14.100000
32934,4477455.356628,589680.644444,14.100000
33035,4477455.328350,589680.758356,14.100000
33136,4477455.298386,589680.870508,14.100000
33237,4477455.263499,589680.988741,14.100000
33338,4477455.237828,589681.107118,14.100000
33439,4477455.197765,589681.219560,14.100000
33540,4477455.170270,589681.333972,14.100000
33641,4477455.148606,589681.453150,14.100000
33742,4477455.115043,589681.561443,14.100000
33843,4477455.093486,589681.671034,14.100000
33944,4477455.067073,589681.783058,14.100000
34045,4477455.033725,589681.890755,14.100000
34146,4477455.003946,589681.999851,14.100000
34247,4477454.972665,589682.113291,14.100000
34348,4477454.949757,589682.221371,14.100000
34449,4477454.926756,589682.330895,14.100000
34550,4477454.890542,589682.440323,14.100000
34651,4477454.871522,589682.548526,14.100000
34752,4477454.840116,589682.651535,14.100000
34853,4477454.805482,589682.753819,14.100000
34957,4477454.786923,589682.863459,14.100000
35058,4477454.758518,589682.966770,14.100000
35159,4477454.735813,589683.073237,14.100000
35260,4477454.713927,589683.173926,14.100000
35361,4477454.690973,589683.278106,14.100000
35462,4477454.662635,589683.377769,14.100000
35563,4477454.640306,589683.478549,14.100000
35664,4477454.617557,589683.581284,14.100000
35765,4477454.583333,589683.680763,14.100000
35866,4477454.559292,589683.777661,14.100000
35967,4477454.534116,589683.881698,14.100000
36069,4477454.509094,589683.989380,14.100000
36169,4477454.485387,589684.095604,14.100000
36270,4477454.464294,589684.206886,14.100000
36371,4477454.441346,589684.311575,14.100000
36473,4477454.411837,589684.415408,14.100000
36574,4477454.395804,589684.522728,14.100000
36675,4477454.365498,589684.624875,14.100000
36776,4477454.342532,589684.737367,14.100000
36877,4477454.312815,589684.842306,14.100000
36978,4477454.292144,589684.951802,14.100000
37079,4477454.258673,589685.058483,14.100000
37180,4477454.237275,589685.172059,14.100000
37281,4477454.209816,589685.280194,14.100000
37383,4477454.184397,589685.391782,14.100000
37484,4477454.160720,589685.500551,14.100000
37585,4477454.135193,589685.612395,14.100000
37686,4477454.114926,589685.727738,14.100000
37788,4477454.099212,589685.843197,14.100000
37888,4477454.082844,589685.959682,14.100000
37989,4477454.071739,589686.079920,14.100000
38090,4477454.058360,589686.195690,14.100000
38191,4477454.046802,589686.315255,14.100000
38292,4477454.036375,589686.436503,14.100000
38393,4477454.023929,589686.565239,14.100000
38494,4477454.021638,589686.698434,14.100000
38595,4477454.014585,589686.841865,14.100000
38696,4477454.019383,589686.992194,14.100000
38797,4477454.023960,589687.151940,14.100000
38898,4477454.041846,589687.319839,14.100000
38999,4477454.048893,589687.472601,14.100000
39100,4477454.073414,589687.638300,14.100000
39201,4477454.095851,589687.796815,14.100000
39302,4477454.120420,589687.948009,14.100000
39403,4477454.142491,589688.103814,14.100000
39504,4477454.181432,589688.250002,14.100000
39605,4477454.211125,589688.402577,14.100000
39706,4477454.243844,589688.548330,14.100000
39807,4477454.279156,589688.688115,14.100000
39908,4477454.314027,589688.828075,14.100000
40010,4477454.400032,589689.103389,14.100000
40212,4477454.476998,589689.365579,14.100000
40312,4477454.526452,589689.490351,14.100000
40413,4477454.574861,589689.611319,14.100000
40514,4477454.624990,589689.736846,14.100000
40615,4477454.677649,589689.851146,14.100000
40716,4477454.727658,589689.966666,14.100000
40817,4477454.789147,589690.067375,14.100000
40918,4477454.845065,589690.166454,14.100000
41019,4477454.901222,589690.266972,14.100000
41120,4477454.963279,589690.359531,14.100000
41221,4477455.021897,589690.452300,14.100000
41323,4477455.086852,589690.545758,14.100000
41424,4477455.155127,589690.629166,14.100000
41525,4477455.216521,589690.712658,14.100000
41626,4477455.271245,589690.795465,14.100000
41727,4477455.333603,589690.866816,14.100000
41828,4477455.393038,589690.944308,14.100000
41929,4477455.462696,589691.013366,14.100000
42030,4477455.535118,589691.090787,14.100000
42131,4477455.602259,589691.172174,14.100000
42232,4477455.693310,589691.247676,14.100000
42333,4477455.774450,589691.329998,14.100000
42435,4477455.872985,589691.409312,14.100000
42535,4477455.971631,589691.497955,14.100000
42636,4477456.083164,589691.578047,14.100000
42738,4477456.196519,589691.662019,14.100000
42838,4477456.311584,589691.740372,14.100000
42939,4477456.424113,589691.810952,14.100000
43040,4477456.532549,589691.892098,14.100000
43141,4477456.652997,589691.965721,14.100000
43242,4477456.773599,589692.033660,14.100000
43344,4477456.879224,589692.111787,14.100000
43445,4477456.991928,589692.178463,14.100000
43546,4477457.100623,589692.253330,14.100000
43647,4477457.216682,589692.312756,14.100000
43748,4477457.322202,589692.372817,14.100000
43849,4477457.425446,589692.437486,14.100000
43950,4477457.539285,589692.496939,14.100000
44051,4477457.649989,589692.554139,14.100000
44152,4477457.747309,589692.624816,14.100000
44253,4477457.859440,589692.680642,14.100000
44354,4477457.982246,589692.738036,14.100000
44455,4477458.095352,589692.801145,14.100000
44556,4477458.210442,589692.853797,14.100000
44658,4477458.318542,589692.906788,14.100000
44759,4477458.425395,589692.966918,14.100000
44860,4477458.539377,589693.001262,14.100000
44961,4477458.648448,589693.051950,14.100000
45062,4477458.761686,589693.098263,14.100000
45163,4477458.879611,589693.146640,14.100000
45264,4477459.001405,589693.184369,14.100000
45365,4477459.122117,589693.233730,14.100000
45467,4477459.232483,589693.290510,14.100000
45568,4477459.359178,589693.320292,14.100000
45668,4477459.475127,589693.361313,14.100000
45769,4477459.588273,589693.399993,14.100000
45870,4477459.699544,589693.448959,14.100000
45971,4477459.824467,589693.488346,14.100000
46072,4477459.934224,589693.531393,14.100000
46173,4477460.055308,589693.583973,14.100000
46274,4477460.181413,589693.629453,14.100000
46375,4477460.310040,589693.662944,14.100000
46476,4477460.425600,589693.717795,14.100000
46578,4477460.560840,589693.756550,14.100000
46678,4477460.668891,589693.814800,14.100000
46779,4477460.804088,589693.849993,14.100000
46880,4477460.911761,589693.904430,14.100000
46981,4477461.015443,589693.968585,14.100000
47082,4477461.140213,589693.995251,14.100000
47183,4477461.248671,589694.050357,14.100000
47284,4477461.377958,589694.092661,14.500000
47385,4477461.529520,589694.094493,15.600000
47486,4477461.670453,589694.108073,14.400000
47587,4477461.796295,589694.140833,14.100000
47688,4477461.932024,589694.183399,14.100000
47789,4477462.054876,589694.235280,14.100000
47890,4477462.168192,589694.306698,14.100000
47991,4477462.301925,589694.367948,14.100000
48092,4477462.429026,589694.413077,14.100000
48193,4477462.580272,589694.444261,14.100000
48294,4477462.720740,589694.502462,14.100000
48395,4477462.863361,589694.545708,14.100000
48496,4477463.017442,589694.600353,14.100000
48598,4477463.162657,589694.656292,14.100000
48698,4477463.309544,589694.694313,14.100000
48799,4477463.453453,589694.752388,14.100000
48900,4477463.606383,589694.794408,14.100000
49001,4477463.765136,589694.831270,14.100000
49102,4477463.907083,589694.873931,14.100000
49203,4477464.058590,589694.917580,14.100000
49306,4477464.357516,589695.006539,14.100000
49405,4477464.502359,589695.049928,14.100000
49506,4477464.648967,589695.092449,14.100000
49607,4477464.788209,589695.140910,14.100000
49708,4477464.935259,589695.183255,14.100000
49913,4477465.234306,589695.254485,14.100000
50012,4477465.382800,589695.287568,14.100000
50113,4477465.521621,589695.328739,14.100000
50214,4477465.669392,589695.357081,14.100000
50315,4477465.817096,589695.389155,14.100000
50416,4477465.971948,589695.434036,14.100000
50519,4477466.115466,589695.459460,14.100000
50620,4477466.261617,589695.491638,14.100000
50721,4477466.400365,589695.526703,14.100000
50822,4477466.545587,589695.555414,14.100000
50923,4477466.695464,589695.583476,14.100000
51024,4477466.834901,589695.611154,14.100000
51125,4477466.973007,589695.648263,14.100000
51226,4477467.119189,589695.673739,14.100000
51328,4477467.260566,589695.705804,14.100000
51428,4477467.397922,589695.735882,14.100000
51529,4477467.540524,589695.777602,14.100000
51630,4477467.672910,589695.819105,14.100000
51731,4477467.809525,589695.852161,14.100000
51832,4477467.945491,589695.895996,14.100000
51933,4477468.073388,589695.942727,14.100000
52034,4477468.217118,589695.976630,14.100000
52135,4477468.349053,589696.017545,14.100000
52236,4477468.486283,589696.055597,14.100000
52337,4477468.613193,589696.094112,14.100000
52438,4477468.750269,589696.128604,14.100000
52539,4477468.879394,589696.166668,14.100000
52640,4477469.010231,589696.208614,14.100000
52741,4477469.138142,589696.247202,14.100000
52842,4477469.269332,589696.281510,14.100000
52943,4477469.389869,589696.325530,14.100000
53044,4477469.518997,589696.354518,14.100000
53145,4477469.640871,589696.389701,14.100000
53246,4477469.774172,589696.424153,14.100000
53347,4477469.900457,589696.456823,14.100000
53448,4477470.027786,589696.493213,14.100000
53549,4477470.154632,589696.535546,14.100000
53651,4477470.282689,589696.577100,14.100000
53751,4477470.393769,589696.628698,14.100000
53852,4477470.522645,589696.664475,14.100000
53953,4477470.653683,589696.686146,14.100000
54055,4477470.771297,589696.727063,14.100000
54155,4477470.889767,589696.756010,14.100000
54257,4477471.010615,589696.798160,14.100000
54358,4477471.129869,589696.837021,14.100000
54458,4477471.240614,589696.879123,14.100000
54560,4477471.360256,589696.913314,14.100000
54660,4477471.479763,589696.954717,14.100000
54761,4477471.604059,589697.006665,14.100000
54862,4477471.733166,589697.052448,14.100000
54963,4477471.858509,589697.108455,14.100000
55064,4477471.992941,589697.153920,14.100000
55165,4477472.121067,589697.210488,14.100000
55267,4477472.255983,589697.259340,14.100000
55368,4477472.385670,589697.316482,14.100000
55468,4477472.519828,589697.366870,14.100000
55570,4477472.655972,589697.416216,14.100000
55670,4477472.784870,589697.463105,14.100000
55771,4477472.917976,589697.509094,14.100000
55872,4477473.049409,589697.554511,14.100000
55973,4477473.186599,589697.598501,14.100000
56074,4477473.316840,589697.646306,14.100000
56175,4477473.443778,589697.687111,14.100000
56277,4477473.580559,589697.734075,14.100000
56377,4477473.709784,589697.780450,14.100000
56478,4477473.842377,589697.820679,14.100000
56579,4477473.966899,589697.863718,14.100000
56680,4477474.091769,589697.907940,14.100000
56781,4477474.219489,589697.949160,14.100000
56882,4477474.338503,589697.995827,15.500000
56984,4477474.466346,589698.028733,14.100000
57084,4477474.586731,589698.069362,14.100000
57185,4477474.719559,589698.101360,14.100000
57287,4477474.840712,589698.131886,14.100000
57388,4477474.958659,589698.172884,14.100000
57488,4477475.067941,589698.213306,14.100000
57589,4477475.188967,589698.251807,14.100000
57690,4477475.306723,589698.295351,14.100000
57791,4477475.411186,589698.332015,14.100000
57892,4477475.523869,589698.369088,14.100000
57993,4477475.611192,589698.411470,14.100000
58094,4477475.709645,589698.437603,14.100000
58195,4477475.814106,589698.474097,14.100000
58296,4477475.924692,589698.502969,14.100000
58397,4477476.039763,589698.544764,14.100000
58498,4477476.158061,589698.577953,14.100000
58599,4477476.281004,589698.618891,14.100000
58700,4477476.398812,589698.666760,14.100000
58801,4477476.524271,589698.695369,14.100000
58902,4477476.650279,589698.732623,14.100000
59003,4477476.776296,589698.779970,14.100000
59104,4477476.909984,589698.809667,14.100000
59208,4477477.185129,589698.896705,14.100000
59307,4477477.319996,589698.932156,14.100000
59408,4477477.458198,589698.967991,14.100000
59508,4477477.588638,589699.013843,14.100000
59609,4477477.716655,589699.042845,14.100000
59710,4477477.831627,589699.085659,14.100000
59811,4477477.950169,589699.129873,14.100000
59912,4477478.070498,589699.165753,14.100000
60013,4477478.187461,589699.189458,14.100000
60114,4477478.308502,589699.219901,14.100000
60215,4477478.421893,589699.251199,14.100000
60316,4477478.526850,589699.273522,14.100000
60418,4477478.638922,589699.296692,14.100000
60620,4477478.868265,589699.359935,14.100000
60720,4477478.955413,589699.378400,14.100000
60821,4477479.039687,589699.416408,15.400000
60922,4477479.149255,589699.462256,14.500000
61023,4477479.276081,589699.512222,15.000000
61124,4477479.379910,589699.533117,16.200000
61225,4477479.492611,589699.562387,16.000000
61327,4477479.599564,589699.593762,19.200000
61427,4477479.730767,589699.638502,20.700000
61528,4477479.855891,589699.694681,20.000000
61630,4477479.973590,589699.705655,19.800000
61730,4477480.106518,589699.755294,18.900000
61831,4477480.209917,589699.786627,17.100000
61932,4477480.313877,589699.809131,16.400000
62033,4477480.445398,589699.861756,15.300000
62134,4477480.536111,589699.881281,14.500000
62235,4477480.646300,589699.914059,17.300000
62337,4477480.707731,589699.963621,16.100000
62438,4477480.812707,589699.978225,16.100000
62538,4477480.839780,589699.995459,16.200000
62639,4477480.896564,589700.018528,16.100000
62740,4477480.945536,589700.038213,16.100000
62841,4477480.997660,589700.042933,15.000000
62942,4477481.019847,589700.060055,14.800000
63043,4477481.048656,589700.064715,14.800000
63144,4477481.102627,589700.075349,14.700000
63246,4477481.157778,589700.101068,15.000000
63347,4477481.176652,589700.110426,14.500000
63447,4477481.203172,589700.118591,14.900000
63548,4477481.223367,589700.136246,14.900000
63649,4477481.238690,589700.136486,14.900000
63750,4477481.257955,589700.132184,14.800000
63851,4477481.279180,589700.143126,14.100000
63953,4477481.300256,589700.150932,14.100000
64054,4477481.315598,589700.152784,14.100000
64155,4477481.318540,589700.157414,14.100000
64257,4477481.327895,589700.159846,14.100000
64358,4477481.348020,589700.162404,14.100000
64458,4477481.366581,589700.173463,14.100000
64559,4477481.385714,589700.176626,14.100000
64660,4477481.434589,589700.188170,14.100000
64761,4477481.465916,589700.199076,14.100000
64862,4477481.493687,589700.209770,14.100000
64963,4477481.514186,589700.225047,14.100000
65064,4477481.532647,589700.236955,14.100000
65165,4477481.584272,589700.264921,14.100000
65267,4477481.641567,589700.302828,14.100000
65367,4477481.712676,589700.326150,14.800000
65468,4477481.771436,589700.347329,14.800000
65569,4477481.794818,589700.362317,15.300000
65670,4477481.878612,589700.378871,18.200000
65771,4477481.942540,589700.414408,17.700000
65872,4477481.974676,589700.428019,16.300000
65973,4477482.019535,589700.400848,15.400000
66074,4477482.056447,589700.405326,27.000000
66176,4477482.125926,589700.450211,40.100000
66277,4477482.211123,589700.444780,48.700000
66377,4477482.323860,589700.504924,51.800000
66478,4477482.371530,589700.545661,49.700000
66579,4477482.415784,589700.551407,51.700000
66680,4477482.490194,589700.609381,53.600000
66781,4477482.570809,589700.666348,55.300000
66882,4477482.696930,589700.750166,37.700000
66983,4477482.707237,589700.739440,34.100000
67084,4477482.687498,589700.685646,38.700000
67185,4477482.676931,589700.637595,39.900000
67286,4477482.612039,589700.604953,39.200000
67387,4477482.559423,589700.587008,38.900000
67488,4477482.556520,589700.567025,43.700000
67589,4477482.566580,589700.563512,47.100000
67690,4477482.576272,589700.566280,49.000000
67791,4477482.581880,589700.571047,50.300000
67892,4477482.625741,589700.581124,31.000000
67993,4477482.633897,589700.585437,28.300000
68094,4477482.629340,589700.584983,27.900000
68197,4477482.640548,589700.593840,30.000000
68296,4477482.646724,589700.608948,30.300000
68397,4477482.678344,589700.644364,32.300000
68498,4477482.704643,589700.671106,33.100000
68599,4477482.729146,589700.687013,33.200000
68700,4477482.764205,589700.712972,33.300000
68801,4477482.812108,589700.726733,33.200000
68902,4477482.842237,589700.748934,35.200000
69003,4477482.897239,589700.799252,38.300000
69104,4477482.968073,589700.827497,39.600000
69205,4477482.995817,589700.835901,40.000000
69306,4477483.005275,589700.819163,40.200000
69407,4477483.042301,589700.823894,58.700000
69508,4477483.083435,589700.847236,76.500000
69609,4477483.107381,589700.862980,96.600000
69710,4477483.158827,589700.922331,116.000000
69811,4477483.174826,589700.932573,109.300000
69912,4477483.179981,589700.927337,125.700000
70013,4477483.256785,589700.934984,143.900000
70114,4477483.300601,589700.950490,161.200000
70215,4477483.315211,589700.956083,178.100000
70316,4477483.386100,589700.979577,197.100000
70417,4477483.451536,589700.992704,212.000000
70521,4477483.541428,589701.017836,225.900000
70621,4477483.600434,589701.041049,238.800000
70722,4477483.602928,589701.091656,251.900000
70823,4477483.706624,589701.045799,240.100000
70924,4477483.793391,589701.041707,253.200000
71025,4477483.891285,589701.132394,264.700000
71126,4477483.937534,589701.137947,271.600000
71227,4477484.010845,589701.196782,280.000000
71328,4477484.048827,589701.225760,288.800000
71429,4477484.092774,589701.261536,296.900000
71530,4477484.172027,589701.297484,305.300000
71631,4477484.233661,589701.336102,311.600000
71732,4477484.274671,589701.349097,318.000000
71833,4477484.339675,589701.354002,279.700000
71934,4477484.408380,589701.334264,288.000000
72035,4477484.475764,589701.343211,296.500000
72136,4477484.502352,589701.357058,307.400000
72253,4477484.585333,589701.379813,319.900000
72376,4477484.666074,589701.391654,333.200000
72500,4477484.879120,589701.428968,363.100000
72623,4477484.908454,589701.458897,373.100000
72745,4477484.954208,589701.497197,383.100000
72868,4477485.054783,589701.505916,394.000000
72993,4477485.119710,589701.541441,425.400000
73115,4477485.169689,589701.543218,444.600000
73238,4477485.219202,589701.543133,465.400000
73361,4477485.289943,589701.554331,486.900000
73484,4477485.346650,589701.543134,509.100000
73609,4477485.411976,589701.639809,549.900000
73731,4477485.482989,589701.655159,574.000000
73854,4477485.566894,589701.699448,596.600000
73977,4477485.657607,589701.728218,620.300000
74101,4477485.844847,589701.752100,674.500000
74223,4477485.924323,589701.751064,702.100000
74347,4477485.973707,589701.758700,734.200000
74470,4477485.961080,589701.770386,765.400000
74593,4477485.960015,589701.755641,835.300000
74718,4477485.951381,589701.785601,874.100000
74840,4477485.952997,589701.837067,912.300000
74962,4477485.997213,589701.876742,946.000000
75086,4477486.024771,589701.888202,981.100000
75210,4477486.020468,589701.825487,1049.200000
75332,4477485.983442,589701.718803,1084.000000
75455,4477485.995197,589701.643512,1119.300000
75578,4477485.980815,589701.545802,1156.100000
75702,4477486.042104,589701.342433,1219.600000
75825,4477486.089061,589701.277238,1253.800000
75949,4477486.141650,589701.283733,1288.000000
76071,4477486.231708,589701.294953,1304.600000
76195,4477486.399745,589701.281999,1346.300000
76317,4477486.599879,589701.334990,1353.600000
76440,4477486.521282,589701.131430,1366.800000
76563,4477486.545580,589701.130122,1387.800000
76690,4477486.399340,589701.081320,1430.500000
76810,4477486.440880,589701.008811,1443.200000
76933,4477486.396697,589701.046067,1467.100000
77057,4477486.383897,589701.071073,1486.000000
77179,4477486.394562,589701.108774,1502.400000
77303,4477486.749351,589701.264411,1521.900000
77426,4477486.681573,589701.194737,1534.000000
77549,4477486.841212,589701.324126,1541.400000
77672,4477487.009805,589701.348316,1546.200000
77797,4477487.046602,589701.398852,1564.300000
77919,4477487.001702,589701.413385,1572.900000
78042,4477486.945963,589701.431186,1579.800000
78166,4477487.050141,589701.508991,1588.200000
78288,4477487.204220,589701.637598,1589.300000
78412,4477487.170825,589701.648685,1578.500000
78535,4477487.134548,589701.650816,1576.200000
78658,4477487.178313,589701.736299,1571.300000
78781,4477487.272866,589701.761207,1567.200000
78906,4477487.306304,589701.744521,1564.300000
79027,4477487.295328,589701.755000,1563.500000
79150,4477487.392989,589701.761379,1563.100000
79274,4477487.512320,589701.751044,1562.900000
79398,4477487.575445,589701.738074,1561.600000
79520,4477487.568129,589701.785322,1560.400000
79643,4477487.570251,589701.777153,1561.100000
79766,4477487.607140,589701.798256,1563.000000
79890,4477487.718878,589701.793525,1568.400000
80013,4477487.744949,589701.764204,1571.700000
80136,4477487.809914,589701.775131,1574.100000
80259,4477487.861018,589701.731770,1576.200000
80383,4477488.019570,589701.668462,1577.100000
80507,4477488.173895,589701.576619,1575.500000
80628,4477488.228089,589701.587336,1575.900000
80754,4477488.289437,589701.574303,1576.500000
80875,4477488.361947,589701.473686,1576.900000
80999,4477488.512032,589701.324387,1574.500000
81121,4477488.484817,589701.239724,1575.500000
81244,4477488.560681,589701.141018,1576.200000
81368,4477488.548847,589701.153967,1579.000000
81491,4477488.478757,589701.076688,1577.800000
81615,4477488.524706,589701.159091,1576.300000
81737,4477488.525605,589701.224901,1578.200000
81860,4477488.511681,589701.220996,1579.700000
81983,4477488.487456,589701.228326,1581.800000
82108,4477488.542423,589701.220119,1582.700000
82230,4477488.537024,589701.214246,1579.300000
82353,4477488.609076,589701.270043,1579.300000
82476,4477488.648530,589701.329199,1580.700000
82601,4477488.693119,589701.288799,1583.900000
82724,4477488.607819,589701.267004,1583.900000
82846,4477488.643755,589701.282775,1583.800000
82968,4477488.681161,589701.282157,1585.200000
83093,4477488.643688,589701.277177,1587.400000
83215,4477488.584952,589701.276524,1588.400000
83338,4477488.607157,589701.313748,1588.900000
83461,4477488.570525,589701.258460,1587.700000
83585,4477488.624231,589701.293272,1587.600000
83710,4477488.696690,589701.466454,1587.600000
83831,4477488.708618,589701.498373,1587.400000
83954,4477488.782840,589701.503506,1587.300000
84077,4477488.834180,589701.563283,1587.000000
84201,4477488.913558,589701.618992,1589.300000
84324,4477488.967280,589701.645915,1590.600000
84447,4477489.075952,589701.644698,1590.900000
84570,4477489.085610,589701.746621,1589.900000
84694,4477489.314050,589701.882734,1590.100000
84817,4477489.393697,589701.896030,1588.200000
84940,4477489.402663,589701.921623,1587.900000
85063,4477489.382770,589701.994043,1585.400000
85186,4477489.425098,589702.015080,1584.100000
85310,4477489.613372,589702.180938,1578.000000
85432,4477489.679020,589702.183969,1572.900000
85555,4477489.772465,589702.153502,1567.700000
85678,4477489.842448,589702.138414,1560.100000
85803,4477489.908198,589702.224143,1549.700000
85926,4477489.938510,589702.233788,1548.500000
86048,4477489.944131,589702.248904,1547.400000
86171,4477489.962707,589702.279725,1547.100000
86295,4477489.945865,589702.226830,1544.300000
86417,4477489.947812,589702.222566,1542.400000
86540,4477489.986393,589702.273759,1541.000000
86664,4477490.013429,589702.232297,1536.800000
86789,4477489.984148,589702.225354,1519.300000
86911,4477490.018294,589702.323336,1497.500000
87034,4477490.087244,589702.351773,1489.700000
87157,4477490.101437,589702.498680,1482.200000
87280,4477490.173192,589702.622336,1476.200000
87404,4477490.312581,589702.710915,1472.200000
87526,4477490.364849,589702.727677,1471.100000
87649,4477490.384404,589702.793856,1469.300000
87772,4477490.417995,589702.826958,1469.600000
87898,4477490.540226,589702.780709,1468.800000
88018,4477490.633047,589702.762973,1468.900000
88143,4477490.653235,589702.845006,1469.300000
88265,4477490.711497,589702.880187,1469.600000
88388,4477490.770459,589702.881177,1470.600000
88513,4477490.882474,589702.853202,1472.200000
88635,4477490.964878,589702.901920,1472.900000
88758,4477490.995815,589702.963722,1475.200000
88881,4477491.035858,589702.988688,1477.800000
89005,4477491.124292,589703.086698,1480.000000
89127,4477491.198925,589703.098443,1481.000000
89251,4477491.214199,589703.085282,1481.000000
89374,4477491.268192,589703.134849,1483.800000
89498,4477491.151135,589703.307248,1489.500000
89620,4477491.237196,589703.383233,1491.500000
89743,4477491.247209,589703.440621,1495.000000
89866,4477491.270890,589703.471296,1498.000000
89991,4477491.285233,589703.565784,1504.100000
90113,4477491.263571,589703.638818,1505.500000
90236,4477491.287883,589703.666602,1506.000000
90360,4477491.277012,589703.667326,1505.100000
90482,4477491.261613,589703.679301,1505.700000
90607,4477491.265743,589703.783155,1505.300000
90731,4477491.223226,589703.783325,1505.600000
90852,4477491.138794,589703.796975,1505.500000
90975,4477491.111955,589703.808577,1506.700000
91100,4477491.095997,589703.773823,1507.700000
91222,4477491.086466,589703.747388,1507.400000
91345,4477491.018611,589703.754732,1507.600000
91469,4477490.976923,589703.787124,1508.500000
91591,4477491.014306,589703.830952,1510.700000
91715,4477491.039804,589703.883574,1517.500000
91838,4477491.031831,589703.885281,1521.700000
91960,4477491.028028,589703.901442,1526.600000
92085,4477491.039942,589703.959995,1532.300000
92208,4477491.024660,589704.046609,1547.300000
92330,4477490.977797,589704.064049,1556.900000
92453,4477490.908268,589704.024254,1564.800000
92577,4477490.905869,589704.000109,1574.400000
92703,4477490.989734,589704.105977,1591.000000
92823,4477491.021184,589704.210607,1600.200000
92946,4477491.080568,589704.348746,1611.200000
93069,4477491.166643,589704.444494,1623.500000
93192,4477491.306242,589704.457920,1635.000000
93317,4477491.597685,589704.431867,1665.000000
93439,4477491.759658,589704.394642,1681.400000
93562,4477492.024450,589704.303174,1694.900000
93686,4477492.194385,589704.244818,1711.800000
93809,4477492.549192,589704.049724,1747.000000
93932,4477492.721661,589703.934085,1768.300000
94055,4477492.924464,589703.820627,1790.300000
94178,4477493.134043,589703.670446,1814.700000
94302,4477493.531723,589703.347269,1870.200000
94424,4477493.673388,589703.199513,1899.700000
94547,4477493.778351,589703.018354,1924.600000
94670,4477493.896783,589702.812435,1952.100000
94796,4477494.055710,589702.511627,2004.600000
94917,4477494.139908,589702.330122,2027.700000
95040,4477494.234778,589702.159092,2051.200000
95163,4477494.352012,589702.001450,2080.100000
95288,4477494.385394,589701.878146,2136.900000
95410,4477494.345907,589701.844013,2167.500000
95533,4477494.276598,589701.841111,2198.300000
95656,4477494.214938,589701.800288,2228.500000
95779,4477494.163599,589701.740596,2259.800000
95904,4477493.976210,589701.834021,2309.700000
96025,4477493.871222,589701.864711,2337.500000
96149,4477493.810761,589701.831338,2372.500000
96272,4477493.701100,589701.861151,2407.500000
96396,4477493.445216,589701.954888,2479.000000
96518,4477493.289700,589701.984317,2512.100000
96641,4477493.171519,589702.025767,2546.900000
96764,4477493.044109,589702.047565,2584.900000
96890,4477492.913532,589702.092217,2625.100000
97013,4477492.481478,589702.279839,2780.000000
97134,4477492.202433,589702.432633,2830.300000
97257,4477491.982140,589702.346381,4208.600000
97380,4477491.646049,589702.630311,4645.600000
97505,4477490.994189,589703.300730,4751.400000
97627,4477490.658150,589703.663203,4808.800000
97750,4477490.395098,589703.974080,4870.800000
97873,4477490.135212,589704.289753,4936.000000
97997,4477489.872195,589704.724042,5068.000000
98120,4477490.015263,589704.572961,5134.000000
98242,4477490.252381,589704.423298,5276.600000
98366,4477490.517926,589703.996188,5348.700000
98490,4477491.021906,589703.186400,5498.400000
98612,4477491.232431,589702.837136,5575.600000
98735,4477491.449293,589702.479314,5655.100000
98860,4477491.621990,589702.188095,5732.300000
98983,4477492.069027,589701.647868,5884.200000
99104,4477492.253842,589701.358031,5962.600000
99228,4477492.551804,589700.967939,6043.100000
99351,4477492.771083,589700.663609,6129.500000
99474,4477493.243111,589699.846316,7016.400000
99599,4477493.564822,589698.871447,8006.600000
99720,4477493.738990,589698.350773,8463.400000
99844,4477493.897554,589697.852764,8896.100000
99967,4477494.045321,589697.519264,9161.500000
100091,4477494.340746,589696.852436,9989.300000
100213,4477494.488403,589696.518938,10385.100000
100337,4477494.636171,589696.185524,10771.000000
100459,4477494.783828,589695.852110,11148.000000
100583,4477494.578698,589695.650745,11608.300000
100707,4477487.938680,589685.235773,11959.000000
100829,4477482.760506,589677.774263,11880.100000
100952,4477482.112033,589676.687937,11987.300000
101076,4477481.504018,589675.559140,12006.600000
101200,4477480.727091,589673.007138,12158.400000
101321,4477480.347235,589671.722170,12274.900000
101446,4477479.883398,589670.460685,12292.600000
101568,4477479.355078,589669.219226,12308.700000
101693,4477478.200626,589666.717291,12345.700000
101814,4477477.545803,589665.471323,12365.500000
101938,4477477.772562,589664.817955,12322.700000
102060,4477477.992099,589664.154920,12283.000000
102185,4477478.422586,589662.983154,12216.600000
102307,4477477.869631,589661.825960,12240.100000
102431,4477477.302846,589660.700570,12264.700000
102554,4477477.041517,589659.671695,12290.600000
102678,4477476.253601,589657.546042,12337.700000
102800,4477475.700261,589656.328800,12361.000000
102925,4477475.059087,589655.406764,12391.200000
103046,4477474.406272,589654.588009,12430.600000
103170,4477474.109537,589653.467104,12582.400000
103294,4477473.343896,589651.597678,12833.200000
103416,4477472.851058,589650.908817,12888.400000
103539,4477472.634013,589650.110715,12944.300000
103663,4477472.406409,589649.311552,13003.200000
103787,4477471.828386,589647.775767,13130.100000
103908,4477471.493153,589647.027935,13202.500000
104032,4477471.037483,589646.197913,13246.300000
104154,4477470.597556,589645.199250,13358.300000
104279,4477469.717816,589643.202007,13591.100000
104401,4477470.458336,589642.833677,13592.400000
104524,4477471.349406,589642.521817,13601.100000
104647,4477472.322294,589642.543761,13583.700000
104771,4477456.795762,589627.911273,13720.400000
104897,4477433.579459,589605.674729,19145.200000
105017,4477426.211327,589598.445592,21031.600000
105140,4477425.199314,589596.814303,21181.200000
105263,4477418.272427,589589.969961,22782.000000
105388,4477408.361950,589579.970002,25523.300000
105509,4477407.338773,589578.323827,25698.000000
105633,4477406.315596,589576.677652,25878.500000
105757,4477400.197765,589571.257917,27011.600000
105881,4477388.368067,589561.046498,28864.800000
106003,4477382.569281,589556.339065,29594.200000
106125,4477376.865680,589551.699955,30244.800000
106248,4477371.263827,589547.074550,30835.900000
106372,4477365.767120,589542.524135,31366.300000
106496,4477353.680524,589530.089223,33053.500000
106618,4477348.031392,589523.903387,33892.400000
106741,4477342.779687,589518.050210,34627.100000
106864,4477337.705103,589512.349199,35305.000000
106990,4477331.716804,589505.278800,36171.000000
107111,4477330.572370,589503.666195,36448.000000
107234,4477329.427825,589502.053590,36733.900000
107357,4477328.283282,589500.441069,37028.700000
107482,4477325.994307,589497.215941,37645.800000
107603,4477324.849764,589495.603334,37968.200000
107727,4477323.705333,589493.990725,38300.000000
107849,4477322.560792,589492.378202,38641.200000
107974,4477320.271820,589489.153069,39352.300000
108097,4477319.127279,589487.540460,39722.200000
108219,4477317.982738,589485.927850,40101.700000
108342,4477316.838310,589484.315323,40491.000000
108465,4477315.693770,589482.702713,40889.900000
108591,4477313.404692,589479.477575,41716.800000
108712,4477312.260265,589477.865046,42144.900000
108836,4477311.115726,589476.252433,42582.600000
108958,4477309.971189,589474.639905,43030.000000
109084,4477307.682225,589471.414761,43953.800000
109206,4477306.537688,589469.802146,44430.100000
109328,4477305.393152,589468.189616,44916.000000
109452,4477304.248726,589466.576999,45411.500000
109576,4477301.959655,589463.351851,46430.700000
109697,4477300.815232,589461.739318,46954.500000
109820,4477299.670697,589460.126700,47487.500000
109944,4477298.526163,589458.514167,48029.900000
110067,4477297.381629,589456.901549,48581.400000
110192,4477295.092673,589453.676394,49711.900000
110314,4477293.948141,589452.063858,50290.700000
110437,4477292.803609,589450.451323,50878.400000
110559,4477291.659076,589448.838702,51475.000000
110685,4477289.370124,589445.613542,52694.600000
110806,4477288.225594,589444.001004,53317.400000
110929,4477287.081064,589442.388466,53948.700000
111054,4477285.936644,589440.775841,54588.600000
111177,4477283.647584,589437.550678,55893.500000
111299,4477282.503055,589435.938138,56558.500000
111422,4477281.358527,589434.325597,57231.600000
111546,4477280.214109,589432.712970,57912.800000
111668,4477279.069581,589431.100429,58602.100000
111792,4477276.780526,589427.875259,60004.500000
111914,4477275.636000,589426.262716,60717.400000
112038,4477274.491583,589424.650087,61438.100000
112161,4477273.347057,589423.037543,62166.500000
112286,4477265.012588,589426.418137,60431.100000
112407,4477258.448465,589428.753033,58208.300000
112531,4477245.748599,589414.989213,55936.800000
112653,4477233.570966,589404.600055,54118.400000
112778,4477210.596433,589387.158117,51210.500000
112899,4477199.829901,589379.497148,49994.900000
113023,4477189.498360,589372.228277,48872.500000
113147,4477179.538233,589365.345311,47837.500000
113269,4477169.892405,589358.834683,46884.500000
113392,4477151.454934,589346.641666,45162.900000
113516,4477142.604702,589340.849964,44370.900000
113639,4477133.966873,589335.264889,43625.200000
113762,4477125.627031,589329.969398,42902.700000
113887,4477109.466990,589319.728529,41550.300000
114008,4477101.618770,589314.760924,40914.400000
114132,4477096.511530,589312.499000,40450.100000
114255,4477091.617961,589310.317738,40020.200000
114379,4477082.292145,589306.098402,39232.500000
114501,4477078.647701,589303.699085,39495.900000
114624,4477075.003258,589301.299766,39764.300000
114748,4477071.358816,589298.900529,40037.800000
114871,4477067.714375,589296.501205,40316.500000
114997,4477060.425605,589291.702549,40889.800000
115119,4477056.781167,589289.303302,41184.500000
115240,4477053.136728,589286.903969,41484.700000
115363,4477049.492291,589284.504633,41790.500000
115487,4477042.203419,589279.706039,42419.000000
115609,4477038.558985,589277.306781,42741.800000
115733,4477034.914662,589274.907434,43070.500000
115856,4477031.270229,589272.508171,43404.900000
115980,4477023.981366,589267.709553,44091.500000
116102,4477020.336935,589265.310198,44443.800000
116225,4477016.692506,589262.910926,44802.000000
116349,4477013.048078,589260.511651,45166.300000
116473,4477005.759223,589255.713009,45912.900000
116596,4477002.114797,589253.313727,46295.400000
116718,4476998.470372,589250.914443,46684.000000
116840,4476994.825947,589248.515071,47078.600000
116965,4476991.181524,589246.115782,47479.500000
117091,4476983.892680,589241.317196,48299.600000
117210,4476980.248259,589238.917900,48718.800000
117335,4476976.603839,589236.518601,49144.200000
117457,4476972.959420,589234.119300,49575.800000
117581,4476965.670584,589229.320691,50457.400000
117703,4476962.026167,589226.921382,50907.400000
117827,4476958.381751,589224.522072,51363.500000
117950,4476954.737336,589222.122759,51825.700000
118076,4476947.448510,589217.324210,52768.400000
118196,4476943.804097,589214.924890,53248.900000
118319,4476940.159685,589212.525567,53735.400000
118442,4476936.515163,589210.126244,54227.900000
118565,4476932.870753,589207.726916,54726.500000
118690,4476925.581937,589202.928339,55741.500000
118812,4476921.937530,589200.529090,56257.900000
118935,4476918.293123,589198.129753,56780.300000
119059,4476914.648717,589195.730414,57308.500000
119183,4476907.359798,589190.931814,58382.500000
119305,4476903.715396,589188.532552,58928.300000
119427,4476900.070993,589186.133204,59479.800000
119551,4476896.426592,589183.733937,60037.000000
119676,4476889.137792,589178.935313,61168.700000
119797,4476885.493283,589176.536040,61743.000000
119920,4476881.848884,589174.136680,62322.900000
120044,4476878.204488,589171.737401,62908.400000
120167,4476874.560092,589169.338121,63499.500000
120292,4476867.271191,589164.539469,64698.200000
120413,4476863.626797,589162.140181,65305.700000
120536,4476859.982405,589159.740891,65918.700000
120659,4476856.338013,589157.341598,66537.100000
120785,4476849.049121,589152.543007,67789.900000
120906,4476845.404732,589150.143708,68424.300000
121029,4476841.760343,589147.744405,69063.900000
121152,4476838.115845,589145.345102,69708.700000
121279,4476830.827072,589140.546486,71014.000000
121399,4476827.182687,589138.147175,71674.300000
121522,4476823.538192,589135.747862,72339.700000
121646,4476819.893808,589133.348545,73116.600000
121769,4476812.604934,589128.549992,74470.700000
121891,4476808.960553,589126.150668,75155.200000
122014,4476805.316173,589123.751342,75844.700000
122138,4476801.671684,589121.352100,76539.000000
122261,4476798.027305,589118.952769,77238.300000
122386,4476790.738441,589114.154187,78651.300000
122508,4476787.094065,589111.754849,79365.000000
122630,4476783.449580,589109.355595,80083.500000
122753,4476779.805205,589106.956252,80806.600000
122878,4476772.516349,589102.157646,82267.000000
123000,4476768.871978,589099.758381,83004.200000
123123,4476765.227607,589097.359029,83746.000000
123248,4476761.583127,589094.959760,84492.300000
123371,4476754.294279,589090.161130,85998.600000
123493,4476750.649913,589087.761853,86758.500000
123617,4476747.005436,589085.362575,87522.900000
123739,4476743.361070,589082.963209,88291.700000
123862,4476739.716594,589080.563926,89064.900000
123986,4476732.427868,589075.765351,90624.400000
124109,4476728.783396,589073.366061,91410.600000
124232,4476725.139035,589070.966768,92201.200000
124355,4476721.494563,589068.567388,92996.000000
124479,4476717.850203,589066.168090,94598.300000
124601,4476717.850203,589066.168090,95405.800000
124725,4476717.850203,589066.168090,96217.500000
124848,4476717.850203,589066.168090,97033.300000
124972,4476717.850203,589066.168090,98677.200000
125094,4476717.850203,589066.168090,99505.300000
125217,4476717.850203,589066.168090,100337.500000
125340,4476717.850203,589066.168090,101173.600000
125464,4476717.850203,589066.168090,102013.800000
125588,4476717.850203,589066.168090,103706.100000
125710,4476717.850203,589066.168090,104558.200000
125834,4476717.850203,589066.168090,105414.200000
125956,4476717.850203,589066.168090,106274.000000
126080,4476717.850203,589066.168090,108005.400000
126203,4476717.850203,589066.168090,108876.800000
126326,4476717.850203,589066.168090,109752.000000
126449,4476717.850203,589066.168090,110631.100000
126574,4476717.850203,589066.168090,112400.400000
126695,4476717.850203,589066.168090,113290.700000
126818,4476717.850203,589066.168090,114184.700000
126942,4476717.850203,589066.168090,115082.400000
127065,4476717.850203,589066.168090,115983.800000
127189,4476717.850203,589066.168090,117797.500000
127313,4476717.850203,589066.168090,118709.800000
127434,4476717.850203,589066.168090,119625.700000
127557,4476717.850203,589066.168090,120545.200000
127682,4476717.850203,589066.168090,122394.800000
127804,4476717.850203,589066.168090,123324.900000
127927,4476717.850203,589066.168090,124258.600000
128051,4476717.850203,589066.168090,125195.700000
128175,4476717.850203,589066.168090,127080.500000
128296,4476717.850203,589066.168090,128028.000000
128419,4476717.850203,589066.168090,128979.000000
128543,4476717.850203,589066.168090,129933.400000
128666,4476717.850203,589066.168090,130891.200000
128790,4476717.850203,589066.168090,132817.000000
128912,4476717.850203,589066.168090,133784.900000
129035,4476717.850203,589066.168090,134756.200000
129159,4476717.850203,589066.168090,135730.800000
129285,4476717.850203,589066.168090,137689.900000
129405,4476717.850203,589066.168090,138674.400000
129528,4476717.850203,589066.168090,139662.200000
129651,4476717.850203,589066.168090,140653.300000
129777,4476717.850203,589066.168090,142645.100000
129898,4476717.850203,589066.168090,143645.800000
130021,4476717.850203,589066.168090,144649.800000
130144,4476717.850203,589066.168090,145656.900000
130268,4476717.850203,589066.168090,146667.300000
130392,4476717.850203,589066.168090,148697.400000
130514,4476717.850203,589066.168090,149717.200000
130637,4476717.850203,589066.168090,150740.200000
130760,4476717.850203,589066.168090,151766.200000
130884,4476717.850203,589066.168090,153827.600000
131006,4476717.850203,589066.168090,154862.900000
131130,4476717.850203,589066.168090,155901.300000
131253,4476717.850203,589066.168090,156942.800000
131378,4476717.850203,589066.168090,159034.900000
131499,4476717.850203,589066.168090,160085.500000
131622,4476717.850203,589066.168090,161139.100000
131745,4476717.850203,589066.168090,162195.700000
131870,4476717.850203,589066.168090,164317.900000
131992,4476717.850203,589066.168090,165383.400000
132115,4476717.850203,589066.168090,166451.900000
132238,4476717.850203,589066.168090,167523.400000
132361,4476717.850203,589066.168090,168597.800000
132486,4476717.850203,589066.168090,170755.400000
132608,4476717.850203,589066.168090,171838.600000
132731,4476717.850203,589066.168090,172924.700000
132854,4476717.850203,589066.168090,174013.700000
132979,4476717.850203,589066.168090,176200.300000
133100,4476717.850203,589066.168090,177297.900000
133224,4476717.850203,589066.168090,178398.300000
133346,4476717.850203,589066.168090,179501.600000
133473,4476717.850203,589066.168090,181716.700000
133594,4476717.850203,589066.168090,182828.500000
133716,4476717.850203,589066.168090,183943.100000
133839,4476717.850203,589066.168090,185060.500000
133963,4476717.850203,589066.168090,186180.700000
134087,4476717.850203,589066.168090,188429.400000
134209,4476717.850203,589066.168090,189558.000000
134332,4476717.850203,589066.168090,190689.200000
134455,4476717.850203,589066.168090,191823.300000
134579,4476717.850203,589066.168090,194099.500000
134703,4476717.850203,589066.168090,195241.800000
134825,4476717.850203,589066.168090,196386.700000
134948,4476717.850203,589066.168090,197534.400000
135071,4476717.850203,589066.168090,198684.700000
135196,4476717.850203,589066.168090,200993.500000
135318,4476717.850203,589066.168090,202152.000000
135443,4476717.850203,589066.168090,203313.100000
135564,4476717.850203,589066.168090,204476.800000
135688,4476717.850203,589066.168090,206812.300000
135811,4476717.850203,589066.168090,207984.000000
135933,4476717.850203,589066.168090,209158.400000
136057,4476717.850203,589066.168090,210335.300000
136181,4476717.850203,589066.168090,212697.100000
136303,4476717.850203,589066.168090,213881.900000
136426,4476717.850203,589066.168090,215069.300000
136549,4476717.850203,589066.168090,216259.400000
136673,4476717.850203,589066.168090,218647.100000
136796,4476717.850203,589066.168090,219844.900000
136919,4476717.850203,589066.168090,221045.200000
137042,4476717.850203,589066.168090,222248.100000
137165,4476717.850203,589066.168090,223453.500000
137290,4476717.850203,589066.168090,225872.000000
137411,4476717.850203,589066.168090,227085.000000
137535,4476717.850203,589066.168090,228300.600000
137658,4476717.850203,589066.168090,229518.700000
137782,4476717.850203,589066.168090,231962.400000
137904,4476717.850203,589066.168090,233188.000000
138028,4476717.850203,589066.168090,234416.100000
138150,4476717.850203,589066.168090,235646.700000
138275,4476717.850203,589066.168090,238115.400000
138396,4476717.850203,589066.168090,239353.400000
138520,4476717.850203,589066.168090,240593.900000
138643,4476717.850203,589066.168090,241836.900000
138768,4476717.850203,589066.168090,244330.200000
138889,4476717.850203,589066.168090,245580.500000
139012,4476717.850203,589066.168090,246833.200000
139135,4476717.850203,589066.168090,248088.400000
139259,4476717.850203,589066.168090,249346.000000
139383,4476717.850203,589066.168090,251868.500000
139507,4476717.850203,589066.168090,253133.300000
139628,4476717.850203,589066.168090,254400.600000
139752,4476717.850203,589066.168090,255670.300000
139876,4476717.850203,589066.168090,258216.700000
139998,4476717.850203,589066.168090,259493.500000
140121,4476717.850203,589066.168090,260772.800000
140245,4476717.850203,589066.168090,262054.300000
140369,4476717.850203,589066.168090,264624.600000
140491,4476717.850203,589066.168090,265913.300000
140614,4476717.850203,589066.168090,267204.300000
140737,4476717.850203,589066.168090,268497.700000
140860,4476717.850203,589066.168090,269793.400000
140984,4476717.850203,589066.168090,272391.800000
141107,4476717.850203,589066.168090,273694.500000
141230,4476717.850203,589066.168090,274999.600000
141354,4476717.850203,589066.168090,276307.000000
141479,4476717.850203,589066.168090,278928.600000
141599,4476717.850203,589066.168090,280242.900000
141723,4476717.850203,589066.168090,281559.500000
141846,4476717.850203,589066.168090,282878.300000
141970,4476717.850203,589066.168090,285523.000000
142092,4476717.850203,589066.168090,286848.700000
142215,4476717.850203,589066.168090,288176.800000
142339,4476717.850203,589066.168090,289507.000000
142462,4476717.850203,589066.168090,290839.600000
142586,4476717.850203,589066.168090,293511.500000
142708,4476717.850203,589066.168090,294850.800000
142831,4476717.850203,589066.168090,296192.400000
142954,4476717.850203,589066.168090,297536.200000
143079,4476717.850203,589066.168090,300230.600000
143201,4476717.850203,589066.168090,301581.200000
143324,4476717.850203,589066.168090,302933.900000
143447,4476717.850203,589066.168090,304288.900000
143575,4476717.850203,589066.168090,307005.600000
143699,4476717.850203,589066.168090,308367.200000
143823,4476717.850203,589066.168090,309731.100000
143947,4476717.850203,589066.168090,311097.100000
144074,4476717.850203,589066.168090,313835.900000
144186,4476717.850203,589066.168090,315208.500000
144309,4476717.850203,589066.168090,316583.400000
144433,4476717.850203,589066.168090,317960.400000
144556,4476717.850203,589066.168090,319339.600000
144681,4476717.850203,589066.168090,322104.500000
144802,4476717.850203,589066.168090,323490.200000
144925,4476717.850203,589066.168090,324878.200000
145052,4476717.850203,589066.168090,326268.200000
145173,4476717.850203,589066.168090,329054.800000
145295,4476717.850203,589066.168090,330451.300000
145418,4476717.850203,589066.168090,331849.900000
145541,4476717.850203,589066.168090,333250.700000
145664,4476717.850203,589066.168090,334653.600000
145789,4476717.850203,589066.168090,337465.900000
145911,4476717.850203,589066.168090,338875.200000
146034,4476717.850203,589066.168090,340286.700000
146157,4476717.850203,589066.168090,341700.300000
146281,4476717.850203,589066.168090,344533.800000
146404,4476717.850203,589066.168090,345953.700000
146527,4476717.850203,589066.168090,347375.700000
146652,4476717.850203,589066.168090,348799.900000
146774,4476717.850203,589066.168090,351654.400000
146897,4476717.850203,589066.168090,353084.900000
147019,4476717.850203,589066.168090,354517.300000
147142,4476717.850203,589066.168090,355952.000000
147266,4476717.850203,589066.168090,358827.400000
147389,4476717.850203,589066.168090,360268.300000
147512,4476717.850203,589066.168090,361711.200000
147635,4476717.850203,589066.168090,363156.100000
147758,4476717.850203,589066.168090,364603.200000
147883,4476717.850203,589066.168090,367503.500000
148005,4476717.850203,589066.168090,368956.700000
148127,4476717.850203,589066.168090,370412.000000
148251,4476717.850203,589066.168090,371869.300000
148375,4476717.850203,589066.168090,374790.100000
148497,4476717.850203,589066.168090,376253.600000
148622,4476717.850203,589066.168090,377719.100000
148743,4476717.850203,589066.168090,379186.600000
148868,4476717.850203,589066.168090,382127.800000
148990,4476717.850203,589066.168090,383601.400000
149114,4476717.850203,589066.168090,385077.000000
149236,4476717.850203,589066.168090,386554.700000
149359,4476717.850203,589066.168090,388034.400000
149484,4476717.850203,589066.168090,390999.800000
149605,4476717.850203,589066.168090,392485.500000
149729,4476717.850203,589066.168090,393973.200000
149852,4476717.850203,589066.168090,395462.900000
149976,4476717.850203,589066.168090,398448.300000
150099,4476717.850203,589066.168090,399944.000000
150222,4476717.850203,589066.168090,401441.700000
150345,4476717.850203,589066.168090,402941.400000
150469,4476717.850203,589066.168090,405946.600000
150597,4476717.850203,589066.168090,407452.300000
150714,4476717.850203,589066.168090,408959.900000
150837,4476717.850203,589066.168090,410469.400000
150960,4476717.850203,589066.168090,411981.000000
151086,4476717.850203,589066.168090,415010.000000
151207,4476717.850203,589066.168090,416527.400000
151331,4476717.850203,589066.168090,418046.800000
151453,4476717.850203,589066.168090,419568.100000
151578,4476717.850203,589066.168090,422616.700000
151699,4476717.850203,589066.168090,424143.900000
151822,4476717.850203,589066.168090,425673.000000
151946,4476717.850203,589066.168090,427204.100000
152070,4476717.850203,589066.168090,430272.100000
152192,4476717.850203,589066.168090,431809.000000
152315,4476717.850203,589066.168090,433347.700000
152441,4476717.850203,589066.168090,434888.500000
152562,4476717.850203,589066.168090,436431.200000
152686,4476717.850203,589066.168090,439522.300000
152808,4476717.850203,589066.168090,441070.700000
152931,4476717.850203,589066.168090,442621.100000
153055,4476717.850203,589066.168090,444173.300000
153179,4476717.850203,589066.168090,447283.600000
153301,4476717.850203,589066.168090,448841.500000
153424,4476717.850203,589066.168090,450401.500000
153548,4476717.850203,589066.168090,451963.200000
153671,4476717.850203,589066.168090,455092.500000
153794,4476717.850203,589066.168090,456659.900000
153917,4476717.850203,589066.168090,458229.300000
154039,4476717.850203,589066.168090,459800.600000
154163,4476717.850203,589066.168090,461373.700000
154287,4476717.850203,589066.168090,464525.700000
154410,4476717.850203,589066.168090,466104.400000
154533,4476717.850203,589066.168090,467685.100000
154657,4476717.850203,589066.168090,469267.700000
154780,4476717.850203,589066.168090,472438.400000
154902,4476717.850203,589066.168090,474026.500000
155025,4476717.850203,589066.168090,475616.500000
155149,4476717.850203,589066.168090,477208.400000
155273,4476717.850203,589066.168090,480397.800000
155395,4476717.850203,589066.168090,481995.200000
155518,4476717.850203,589066.168090,483594.500000
155642,4476717.850203,589066.168090,485195.700000
155766,4476717.850203,589066.168090,488403.500000
155887,4476717.850203,589066.168090,490010.100000
156011,4476717.850203,589066.168090,491618.600000
156134,4476717.850203,589066.168090,493229.000000
156257,4476717.850203,589066.168090,494841.200000
156382,4476717.850203,589066.168090,498071.100000
156504,4476717.850203,589066.168090,499688.800000
156629,4476717.850203,589066.168090,501308.300000
156750,4476717.850203,589066.168090,502929.700000
156876,4476717.850203,589066.168090,506177.900000
156997,4476717.850203,589066.168090,507804.700000
157119,4476717.850203,589066.168090,509433.300000
157242,4476717.850203,589066.168090,511063.800000
157366,4476717.850203,589066.168090,514330.100000
157489,4476717.850203,589066.168090,515966.000000
157612,4476717.850203,589066.168090,517603.700000
157735,4476717.850203,589066.168090,519243.300000
157859,4476717.850203,589066.168090,520884.500000
157984,4476717.850203,589066.168090,524172.500000
158105,4476717.850203,589066.168090,525819.200000
158228,4476717.850203,589066.168090,527467.700000
158351,4476717.850203,589066.168090,529117.900000
158476,4476717.850203,589066.168090,532423.900000
158597,4476717.850203,589066.168090,534079.400000
158720,4476717.850203,589066.168090,535736.900000
158844,4476717.850203,589066.168090,537396.100000
158968,4476717.850203,589066.168090,540719.800000
159091,4476717.850203,589066.168090,542384.300000
159213,4476717.850203,589066.168090,544050.600000
159337,4476717.850203,589066.168090,545718.700000
159459,4476717.850203,589066.168090,547388.500000
159584,4476717.850203,589066.168090,550733.500000
159705,4476717.850203,589066.168090,552408.600000
159828,4476717.850203,589066.168090,554085.500000
159952,4476717.850203,589066.168090,555764.200000
160077,4476717.850203,589066.168090,559126.800000
160199,4476717.850203,589066.168090,560810.700000
160322,4476717.850203,589066.168090,562496.400000
160445,4476717.850203,589066.168090,564183.800000
160570,4476717.850203,589066.168090,567563.900000
160691,4476717.850203,589066.168090,569256.600000
160814,4476717.850203,589066.168090,570951.000000
160937,4476717.850203,589066.168090,572647.100000
161061,4476717.850203,589066.168090,574344.900000
161185,4476717.850203,589066.168090,577745.900000
161310,4476717.850203,589066.168090,579449.000000
161430,4476717.850203,589066.168090,581153.800000
161554,4476717.850203,589066.168090,582860.400000
161678,4476717.850203,589066.168090,586278.700000
161800,4476717.850203,589066.168090,587990.400000
161923,4476717.850203,589066.168090,589703.800000
162046,4476717.850203,589066.168090,591419.000000
162171,4476717.850203,589066.168090,594854.500000
162292,4476717.850203,589066.168090,596574.700000
162417,4476717.850203,589066.168090,598296.800000
162539,4476717.850203,589066.168090,600020.500000
162662,4476717.850203,589066.168090,601746.000000
162786,4476717.850203,589066.168090,605202.000000
162908,4476717.850203,589066.168090,606932.600000
163031,4476717.850203,589066.168090,608664.900000
163155,4476717.850203,589066.168090,610398.800000
163279,4476717.850203,589066.168090,613871.900000
163401,4476717.850203,589066.168090,615610.900000
163525,4476717.850203,589066.168090,617351.600000
163647,4476717.850203,589066.168090,619094.000000
163772,4476717.850203,589066.168090,622583.900000
163894,4476717.850203,589066.168090,624331.400000
164017,4476717.850203,589066.168090,626080.600000
164140,4476717.850203,589066.168090,627831.400000
164264,4476717.850203,589066.168090,629584.000000
164388,4476717.850203,589066.168090,633094.100000
164509,4476717.850203,589066.168090,634851.700000
164633,4476717.850203,589066.168090,636610.900000
164756,4476717.850203,589066.168090,638371.900000
164880,4476717.850203,589066.168090,641898.700000
165002,4476717.850203,589066.168090,643664.600000
165125,4476717.850203,589066.168090,645432.200000
165249,4476717.850203,589066.168090,647201.500000
165373,4476717.850203,589066.168090,650745.000000
165495,4476717.850203,589066.168090,652519.300000
165618,4476717.850203,589066.168090,654295.100000
165742,4476717.850203,589066.168090,656072.700000
165866,4476717.850203,589066.168090,659632.800000
165988,4476717.850203,589066.168090,661415.200000
166110,4476717.850203,589066.168090,663199.500000
166234,4476717.850203,589066.168090,664985.300000
166358,4476717.850203,589066.168090,666772.800000
166482,4476717.850203,589066.168090,670352.700000
166604,4476717.850203,589066.168090,672145.000000
166727,4476717.850203,589066.168090,673939.100000
166852,4476717.850203,589066.168090,675734.700000
166975,4476717.850203,589066.168090,679331.000000
167096,4476717.850203,589066.168090,681131.600000
167219,4476717.850203,589066.168090,682933.900000
167343,4476717.850203,589066.168090,684737.600000
167466,4476717.850203,589066.168090,688350.200000
167589,4476717.850203,589066.168090,690159.000000
167712,4476717.850203,589066.168090,691969.400000
167835,4476717.850203,589066.168090,693781.400000
167959,4476717.850203,589066.168090,695595.000000
168084,4476717.850203,589066.168090,699227.100000
168205,4476717.850203,589066.168090,701045.700000
168328,4476717.850203,589066.168090,702865.700000
168451,4476717.850203,589066.168090,704687.500000
168576,4476717.850203,589066.168090,708335.700000
168697,4476717.850203,589066.168090,710162.300000
168820,4476717.850203,589066.168090,711990.400000
168944,4476717.850203,589066.168090,713820.200000
169069,4476717.850203,589066.168090,717484.500000
169190,4476717.850203,589066.168090,719319.000000
169315,4476717.850203,589066.168090,721155.100000
169436,4476717.850203,589066.168090,722992.900000
169559,4476717.850203,589066.168090,724832.200000
169684,4476717.850203,589066.168090,728515.800000
169806,4476717.850203,589066.168090,730359.900000
169928,4476717.850203,589066.168090,732205.700000
170052,4476717.850203,589066.168090,734053.000000
170178,4476717.850203,589066.168090,737752.500000
170298,4476717.850203,589066.168090,739604.600000
170422,4476717.850203,589066.168090,741458.300000
170545,4476717.850203,589066.168090,743313.400000
170669,4476717.850203,589066.168090,747028.800000
170791,4476717.850203,589066.168090,748888.800000
170914,4476717.850203,589066.168090,750750.400000
171038,4476717.850203,589066.168090,752613.600000
171160,4476717.850203,589066.168090,754478.300000
171287,4476717.850203,589066.168090,758212.500000
171407,4476717.850203,589066.168090,760082.000000
171530,4476717.850203,589066.168090,761953.000000
171654,4476717.850203,589066.168090,763825.600000
171778,4476717.850203,589066.168090,767575.500000
171900,4476717.850203,589066.168090,769452.800000
172024,4476717.850203,589066.168090,771331.800000
172146,4476717.850203,589066.168090,773212.200000
172271,4476717.850203,589066.168090,776977.700000
172393,4476717.850203,589066.168090,778862.900000
172515,4476717.850203,589066.168090,780749.500000
172639,4476717.850203,589066.168090,782637.800000
172764,4476717.850203,589066.168090,786418.900000
172885,4476717.850203,589066.168090,788311.700000
173008,4476717.850203,589066.168090,790206.100000
173131,4476717.850203,589066.168090,792102.100000
173255,4476717.850203,589066.168090,793999.700000
173379,4476717.850203,589066.168090,797799.400000
173502,4476717.850203,589066.168090,799701.500000
173624,4476717.850203,589066.168090,801605.200000
173747,4476717.850203,589066.168090,803510.500000
173872,4476717.850203,589066.168090,807325.700000
173994,4476717.850203,589066.168090,809235.600000
174117,4476717.850203,589066.168090,811146.900000
174240,4476717.850203,589066.168090,813059.800000
174364,4476717.850203,589066.168090,814974.300000
174488,4476717.850203,589066.168090,818807.800000
174610,4476717.850203,589066.168090,820726.900000
174733,4476717.850203,589066.168090,822647.400000
174856,4476717.850203,589066.168090,824569.500000
174980,4476717.850203,589066.168090,828418.400000
175102,4476717.850203,589066.168090,830345.100000
175225,4476717.850203,589066.168090,832273.300000
175349,4476717.850203,589066.168090,834203.000000
175476,4476717.850203,589066.168090,838067.000000
175595,4476717.850203,589066.168090,840001.400000
175719,4476717.850203,589066.168090,841937.200000
175841,4476717.850203,589066.168090,843874.600000
175964,4476717.850203,589066.168090,845813.400000
176089,4476717.850203,589066.168090,849695.600000
176211,4476717.850203,589066.168090,851639.000000
176334,4476717.850203,589066.168090,853583.800000
176457,4476717.850203,589066.168090,855530.200000
176582,4476717.850203,589066.168090,859427.400000
176704,4476717.850203,589066.168090,861378.200000
176827,4476717.850203,589066.168090,863330.600000
176950,4476717.850203,589066.168090,865284.600000
177074,4476717.850203,589066.168090,869196.800000
177196,4476717.850203,589066.168090,871155.200000
177322,4476717.850203,589066.168090,873115.000000
177444,4476717.850203,589066.168090,875076.400000
177566,4476717.850203,589066.168090,879003.800000
177689,4476717.850203,589066.168090,880969.600000
177812,4476717.850203,589066.168090,882937.000000
177936,4476717.850203,589066.168090,884905.800000
178058,4476717.850203,589066.168090,886876.000000
178183,4476717.850203,589066.168090,890821.200000
178304,4476717.850203,589066.168090,892796.000000
178428,4476717.850203,589066.168090,894772.400000
178551,4476717.850203,589066.168090,896750.200000
178676,4476717.850203,589066.168090,900710.000000
178797,4476717.850203,589066.168090,902692.200000
178920,4476717.850203,589066.168090,904675.800000
179044,4476717.850203,589066.168090,906661.000000
179168,4476717.850203,589066.168090,910635.800000
179290,4476717.850203,589066.168090,912625.200000
179413,4476717.850203,589066.168090,914616.400000
179536,4476717.850203,589066.168090,916609.000000
179659,4476717.850203,589066.168090,918603.000000
179784,4476717.850203,589066.168090,922595.400000
179906,4476717.850203,589066.168090,924593.800000
180029,4476717.850203,589066.168090,926593.600000
180153,4476717.850203,589066.168090,928594.800000
180277,4476717.850203,589066.168090,932602.000000
180399,4476717.850203,589066.168090,934607.600000
180522,4476717.850203,589066.168090,936614.800000
180645,4476717.850203,589066.168090,938623.600000
180770,4476717.850203,589066.168090,942645.200000
180891,4476717.850203,589066.168090,944658.200000
181014,4476717.850203,589066.168090,946672.600000
181138,4476717.850203,589066.168090,948688.400000
181262,4476717.850203,589066.168090,950705.800000
181387,4476717.850203,589066.168090,954745.000000
181507,4476717.850203,589066.168090,956766.800000
181630,4476717.850203,589066.168090,958790.000000
181753,4476717.850203,589066.168090,960814.600000
181878,4476717.850203,589066.168090,964868.200000
182000,4476717.850203,589066.168090,966897.200000
182124,4476717.850203,589066.168090,968927.600000
182246,4476717.850203,589066.168090,970959.400000
182371,4476717.850203,589066.168090,975027.400000
182492,4476717.850203,589066.168090,977063.600000
182615,4476717.850203,589066.168090,979101.200000
182739,4476717.850203,589066.168090,981140.200000
182862,4476717.850203,589066.168090,983180.800000
182986,4476717.850203,589066.168090,987266.000000
183108,4476717.850203,589066.168090,989310.800000
183232,4476717.850203,589066.168090,991357.000000
183355,4476717.850203,589066.168090,993404.600000
183480,4476717.850203,589066.168090,997504.400000
183601,4476717.850203,589066.168090,999556.400000
183725,4476717.850203,589066.168090,1001609.800000
183847,4476717.850203,589066.168090,1003664.400000
183972,4476717.850203,589066.168090,1007778.400000
184094,4476717.850203,589066.168090,1009837.400000
184217,4476717.850203,589066.168090,1011898.000000
184340,4476717.850203,589066.168090,1013960.000000
184465,4476717.850203,589066.168090,1018088.000000
184587,4476717.850203,589066.168090,1020154.200000
184710,4476717.850203,589066.168090,1022221.600000
184833,4476717.850203,589066.168090,1024290.600000
184956,4476717.850203,589066.168090,1026361.200000
185080,4476717.850203,589066.168090,1030506.200000
185202,4476717.850203,589066.168090,1032580.800000
185432,4476717.850203,589066.168090,1036734.400000
185532,4476717.850203,589066.168090,1038813.200000
185633,4476717.850203,589066.168090,1040893.600000
185734,4476717.850203,589066.168090,1042975.200000
185835,4476717.850203,589066.168090,1045058.200000
185942,4476717.850203,589066.168090,1047143.000000
186065,4476717.850203,589066.168090,1049228.800000
186189,4476717.850203,589066.168090,1053404.800000
186311,4476717.850203,589066.168090,1055495.000000
186434,4476717.850203,589066.168090,1057586.600000
186558,4476717.850203,589066.168090,1059679.400000
186683,4476717.850203,589066.168090,1063869.600000
186804,4476717.850203,589066.168090,1065966.600000
186927,4476717.850203,589066.168090,1068065.200000
187050,4476717.850203,589066.168090,1070165.000000
187175,4476717.850203,589066.168090,1074369.000000
187298,4476717.850203,589066.168090,1076473.200000
187420,4476717.850203,589066.168090,1078578.600000
187542,4476717.850203,589066.168090,1080685.400000
187667,4476717.850203,589066.168090,1084903.400000
187790,4476717.850203,589066.168090,1087014.400000
187912,4476717.850203,589066.168090,1089126.800000
188036,4476717.850203,589066.168090,1091240.600000
188159,4476717.850203,589066.168090,1093355.800000
188284,4476717.850203,589066.168090,1097590.200000
188405,4476717.850203,589066.168090,1099709.600000
188528,4476717.850203,589066.168090,1101830.400000
188651,4476717.850203,589066.168090,1103952.400000
188775,4476717.850203,589066.168090,1108200.800000
188898,4476717.850203,589066.168090,1110327.000000
189021,4476717.850203,589066.168090,1112454.600000
189144,4476717.850203,589066.168090,1114583.600000
189270,4476717.850203,589066.168090,1118845.800000
189390,4476717.850203,589066.168090,1120979.000000
189514,4476717.850203,589066.168090,1123113.400000
189637,4476717.850203,589066.168090,1125249.000000
189760,4476717.850203,589066.168090,1127386.400000
189884,4476717.850203,589066.168090,1131665.000000
190007,4476717.850203,589066.168090,1133806.400000
190129,4476717.850203,589066.168090,1135949.000000
190253,4476717.850203,589066.168090,1138093.000000
190378,4476717.850203,589066.168090,1142385.000000
190499,4476717.850203,589066.168090,1144533.200000
190622,4476717.850203,589066.168090,1146682.600000
190745,4476717.850203,589066.168090,1148833.400000
190870,4476717.850203,589066.168090,1153139.000000
190992,4476717.850203,589066.168090,1155294.200000
191116,4476717.850203,589066.168090,1157450.200000
191238,4476717.850203,589066.168090,1159608.000000
191361,4476717.850203,589066.168090,1161766.800000
191485,4476717.850203,589066.168090,1166089.000000
191608,4476717.850203,589066.168090,1168252.000000
191731,4476717.850203,589066.168090,1170416.400000
191854,4476717.850203,589066.168090,1172582.200000
191978,4476717.850203,589066.168090,1176917.800000
192100,4476717.850203,589066.168090,1179087.600000
192224,4476717.850203,589066.168090,1181258.600000
192347,4476717.850203,589066.168090,1183431.000000
192471,4476717.850203,589066.168090,1187780.000000
192593,4476717.850203,589066.168090,1189956.600000
192716,4476717.850203,589066.168090,1192134.400000
192839,4476717.850203,589066.168090,1194313.600000
192964,4476717.850203,589066.168090,1198676.200000
193086,4476717.850203,589066.168090,1200859.400000
193209,4476717.850203,589066.168090,1203044.000000
193333,4476717.850203,589066.168090,1205230.000000
193455,4476717.850203,589066.168090,1207417.200000
193579,4476717.850203,589066.168090,1211795.800000
193701,4476717.850203,589066.168090,1213987.200000
193825,4476717.850203,589066.168090,1216179.800000
193948,4476717.850203,589066.168090,1218373.800000
194072,4476717.850203,589066.168090,1222765.600000
194194,4476717.850203,589066.168090,1224963.600000
194317,4476717.850203,589066.168090,1227162.800000
194442,4476717.850203,589066.168090,1229363.400000
194565,4476717.850203,589066.168090,1233768.800000
194687,4476717.850203,589066.168090,1235973.200000
194810,4476717.850203,589066.168090,1238179.000000
194933,4476717.850203,589066.168090,1240386.400000
195057,4476717.850203,589066.168090,1242594.800000
195181,4476717.850203,589066.168090,1247016.000000
195303,4476717.850203,589066.168090,1249228.600000
195428,4476717.850203,589066.168090,1251442.400000
195550,4476717.850203,589066.168090,1253657.600000
195673,4476717.850203,589066.168090,1258092.000000
195796,4476717.850203,589066.168090,1260311.000000
195919,4476717.850203,589066.168090,1262531.600000
196042,4476717.850203,589066.168090,1264753.400000
196166,4476717.850203,589066.168090,1269200.800000
196288,4476717.850203,589066.168090,1271426.600000
196412,4476717.850203,589066.168090,1273653.600000
196535,4476717.850203,589066.168090,1275881.800000
196659,4476717.850203,589066.168090,1278111.600000
196782,4476717.850203,589066.168090,1282574.800000
196904,4476717.850203,589066.168090,1284808.400000
197027,4476717.850203,589066.168090,1287043.400000
197151,4476717.850203,589066.168090,1289279.600000
197275,4476717.850203,589066.168090,1293755.800000
197396,4476717.850203,589066.168090,1295996.000000
197520,4476717.850203,589066.168090,1298237.400000
197643,4476717.850203,589066.168090,1300480.200000
197768,4476717.850203,589066.168090,1304969.600000
197889,4476717.850203,589066.168090,1307216.200000
198013,4476717.850203,589066.168090,1309464.200000
198136,4476717.850203,589066.168090,1311713.400000
198259,4476717.850203,589066.168090,1313964.000000
198383,4476717.850203,589066.168090,1318468.800000
198505,4476717.850203,589066.168090,1320723.400000
198628,4476717.850203,589066.168090,1322979.000000
198752,4476717.850203,589066.168090,1325236.000000
198877,4476717.850203,589066.168090,1329754.000000
198998,4476717.850203,589066.168090,1332015.000000
199121,4476717.850203,589066.168090,1334277.200000
199244,4476717.850203,589066.168090,1336540.600000
199368,4476717.850203,589066.168090,1341071.600000
199492,4476717.850203,589066.168090,1343339.000000
199614,4476717.850203,589066.168090,1345607.600000
199737,4476717.850203,589066.168090,1347877.400000
199860,4476717.850203,589066.168090,1350148.800000
199985,4476717.850203,589066.168090,1354695.000000
200107,4476717.850203,589066.168090,1356970.200000
200230,4476717.850203,589066.168090,1359246.400000
200353,4476717.850203,589066.168090,1361524.000000
200477,4476717.850203,589066.168090,1366083.400000
200599,4476717.850203,589066.168090,1368365.000000
200723,4476717.850203,589066.168090,1370647.800000
200846,4476717.850203,589066.168090,1372931.800000
200970,4476717.850203,589066.168090,1377504.000000
201093,4476717.850203,589066.168090,1379792.000000
201215,4476717.850203,589066.168090,1382081.200000
201338,4476717.850203,589066.168090,1384371.600000
201464,4476717.850203,589066.168090,1386663.400000
201586,4476717.850203,589066.168090,1391250.800000
201708,4476717.850203,589066.168090,1393546.400000
201831,4476717.850203,589066.168090,1395843.200000
201954,4476717.850203,589066.168090,1398141.200000
202079,4476717.850203,589066.168090,1402741.400000
202201,4476717.850203,589066.168090,1405043.600000
202324,4476717.850203,589066.168090,1407346.600000
202447,4476717.850203,589066.168090,1409651.200000
202571,4476717.850203,589066.168090,1414263.800000
202694,4476717.850203,589066.168090,1416572.200000
202816,4476717.850203,589066.168090,1418881.800000
202940,4476717.850203,589066.168090,1421192.600000
203063,4476717.850203,589066.168090,1423504.600000
203187,4476717.850203,589066.168090,1428132.600000
203310,4476717.850203,589066.168090,1430448.600000
203432,4476717.850203,589066.168090,1432765.600000
203555,4476717.850203,589066.168090,1435084.200000
203680,4476717.850203,589066.168090,1439724.600000
203802,4476717.850203,589066.168090,1442047.000000
203925,4476717.850203,589066.168090,1444370.200000
204048,4476717.850203,589066.168090,1446695.200000
204173,4476717.850203,589066.168090,1451348.400000
204295,4476717.850203,589066.168090,1453676.800000
204419,4476717.850203,589066.168090,1456006.600000
204541,4476717.850203,589066.168090,1458337.400000
204665,4476717.850203,589066.168090,1463003.200000
204787,4476717.850203,589066.168090,1465338.000000
204911,4476717.850203,589066.168090,1467673.800000
205034,4476717.850203,589066.168090,1470011.200000
205157,4476717.850203,589066.168090,1472349.600000
205281,4476717.850203,589066.168090,1477030.400000
205403,4476717.850203,589066.168090,1479372.600000
205527,4476717.850203,589066.168090,1481716.200000
205650,4476717.850203,589066.168090,1484060.800000
205774,4476717.850203,589066.168090,1488754.000000
205896,4476717.850203,589066.168090,1491102.400000
206019,4476717.850203,589066.168090,1493452.200000
206142,4476717.850203,589066.168090,1495803.000000
206267,4476717.850203,589066.168090,1500508.600000
206389,4476717.850203,589066.168090,1502863.400000
206512,4476717.850203,589066.168090,1505219.200000
206636,4476717.850203,589066.168090,1507576.200000
206758,4476717.850203,589066.168090,1509934.600000
206882,4476717.850203,589066.168090,1514655.400000
207004,4476717.850203,589066.168090,1517017.200000
207128,4476717.850203,589066.168090,1519380.600000
207251,4476717.850203,589066.168090,1521745.200000
207376,4476717.850203,589066.168090,1526478.000000
207497,4476717.850203,589066.168090,1528846.400000
207622,4476717.850203,589066.168090,1531215.800000
207744,4476717.850203,589066.168090,1533586.800000
207868,4476717.850203,589066.168090,1538331.800000
207990,4476717.850203,589066.168090,1540706.200000
208113,4476717.850203,589066.168090,1543082.000000
208236,4476717.850203,589066.168090,1545459.000000
208359,4476717.850203,589066.168090,1547837.000000
208484,4476717.850203,589066.168090,1552597.000000
208605,4476717.850203,589066.168090,1554979.000000
208728,4476717.850203,589066.168090,1557362.200000
208853,4476717.850203,589066.168090,1559746.400000
208976,4476717.850203,589066.168090,1564518.800000
209098,4476717.850203,589066.168090,1566906.600000
209222,4476717.850203,589066.168090,1569296.000000
209345,4476717.850203,589066.168090,1571686.200000
209469,4476717.850203,589066.168090,1576470.800000
209590,4476717.850203,589066.168090,1578864.800000
209714,4476717.850203,589066.168090,1581260.000000
209836,4476717.850203,589066.168090,1583656.600000
209961,4476717.850203,589066.168090,1586054.400000
210086,4476717.850203,589066.168090,1590853.600000
210207,4476717.850203,589066.168090,1593255.000000
210330,4476717.850203,589066.168090,1595657.600000
210453,4476717.850203,589066.168090,1598061.400000
210578,4476717.850203,589066.168090,1602872.600000
210699,4476717.850203,589066.168090,1605280.000000
210823,4476717.850203,589066.168090,1607688.600000
210945,4476717.850203,589066.168090,1610098.600000
211071,4476717.850203,589066.168090,1614922.000000
211192,4476717.850203,589066.168090,1617335.400000
211315,4476717.850203,589066.168090,1619750.200000
211438,4476717.850203,589066.168090,1622166.000000
211562,4476717.850203,589066.168090,1624583.000000
211688,4476717.850203,589066.168090,1629421.000000
211808,4476717.850203,589066.168090,1631841.800000
211931,4476717.850203,589066.168090,1634263.800000
212055,4476717.850203,589066.168090,1636687.000000
212180,4476717.850203,589066.168090,1641537.000000
212301,4476717.850203,589066.168090,1643963.600000
212424,4476717.850203,589066.168090,1646391.600000
212547,4476717.850203,589066.168090,1648820.800000
212672,4476717.850203,589066.168090,1653682.800000
212794,4476717.850203,589066.168090,1656115.600000
212916,4476717.850203,589066.168090,1658549.600000
213039,4476717.850203,589066.168090,1660984.800000
213163,4476717.850203,589066.168090,1663421.000000
213288,4476717.850203,589066.168090,1668297.600000
213409,4476717.850203,589066.168090,1670737.400000
213532,4476717.850203,589066.168090,1673178.600000
213657,4476717.850203,589066.168090,1675621.000000
213780,4476717.850203,589066.168090,1680509.400000
213902,4476717.850203,589066.168090,1682955.400000
214025,4476717.850203,589066.168090,1685402.400000
214148,4476717.850203,589066.168090,1687850.800000
214273,4476717.850203,589066.168090,1692751.200000
214395,4476717.850203,589066.168090,1695203.200000
214518,4476717.850203,589066.168090,1697656.200000
214641,4476717.850203,589066.168090,1700110.600000
214764,4476717.850203,589066.168090,1702566.000000
214889,4476717.850203,589066.168090,1707480.800000
215010,4476717.850203,589066.168090,1709939.800000
215134,4476717.850203,589066.168090,1712400.000000
215257,4476717.850203,589066.168090,1714861.600000
215381,4476717.850203,589066.168090,1719788.000000
215503,4476717.850203,589066.168090,1722253.000000
215626,4476717.850203,589066.168090,1724719.200000
215749,4476717.850203,589066.168090,1727186.600000
215875,4476717.850203,589066.168090,1732125.000000
215995,4476717.850203,589066.168090,1734596.000000
216119,4476717.850203,589066.168090,1737068.000000
216243,4476717.850203,589066.168090,1739541.200000
216367,4476717.850203,589066.168090,1744491.200000
216488,4476717.850203,589066.168090,1746968.200000
216613,4476717.850203,589066.168090,1749446.200000
216735,4476717.850203,589066.168090,1751925.400000
216858,4476717.850203,589066.168090,1754405.800000
216983,4476717.850203,589066.168090,1759370.000000
217104,4476717.850203,589066.168090,1761853.800000
217227,4476717.850203,589066.168090,1764339.000000
217351,4476717.850203,589066.168090,1766825.400000
217475,4476717.850203,589066.168090,1771801.200000
217597,4476717.850203,589066.168090,1774291.000000
217721,4476717.850203,589066.168090,1776782.000000
217843,4476717.850203,589066.168090,1779274.200000
217968,4476717.850203,589066.168090,1784261.800000
218090,4476717.850203,589066.168090,1786757.400000
218224,4476717.850203,589066.168090,1789254.200000
218346,4476717.850203,589066.168090,1791752.200000
218475,4476717.850203,589066.168090,1796751.400000
218582,4476717.850203,589066.168090,1799253.000000
218705,4476717.850203,589066.168090,1801755.600000
218830,4476717.850203,589066.168090,1804259.400000
218952,4476717.850203,589066.168090,1806764.400000
219077,4476717.850203,589066.168090,1811777.800000
219198,4476717.850203,589066.168090,1814286.200000
219321,4476717.850203,589066.168090,1816795.800000
219444,4476717.850203,589066.168090,1819306.600000
219574,4476717.850203,589066.168090,1824331.600000
219691,4476717.850203,589066.168090,1826846.000000
219815,4476717.850203,589066.168090,1829361.200000
219938,4476717.850203,589066.168090,1831877.800000
220061,4476717.850203,589066.168090,1834395.600000
220185,4476717.850203,589066.168090,1839434.600000
220307,4476717.850203,589066.168090,1841955.800000
220430,4476717.850203,589066.168090,1844478.200000
220554,4476717.850203,589066.168090,1847001.800000
220678,4476717.850203,589066.168090,1852052.400000
220799,4476717.850203,589066.168090,1854579.200000
220922,4476717.850203,589066.168090,1857107.400000
221047,4476717.850203,589066.168090,1859636.800000
221171,4476717.850203,589066.168090,1864698.800000
221295,4476717.850203,589066.168090,1867231.600000
221415,4476717.850203,589066.168090,1869765.600000
221538,4476717.850203,589066.168090,1872300.600000
221662,4476717.850203,589066.168090,1874836.800000
221787,4476717.850203,589066.168090,1879912.600000
221908,4476717.850203,589066.168090,1882452.200000
222031,4476717.850203,589066.168090,1884993.200000
222155,4476717.850203,589066.168090,1887535.200000
222279,4476717.850203,589066.168090,1892622.600000
222401,4476717.850203,589066.168090,1895168.000000
222524,4476717.850203,589066.168090,1897714.800000
222647,4476717.850203,589066.168090,1900262.400000
222771,4476717.850203,589066.168090,1905361.400000
222894,4476717.850203,589066.168090,1907912.600000
223017,4476717.850203,589066.168090,1910464.800000
223140,4476717.850203,589066.168090,1913018.400000
223267,4476717.850203,589066.168090,1918128.600000
223386,4476717.850203,589066.168090,1920685.600000
223509,4476717.850203,589066.168090,1923243.600000
223633,4476717.850203,589066.168090,1925802.800000
223756,4476717.850203,589066.168090,1928363.200000
223880,4476717.850203,589066.168090,1933487.200000
224002,4476717.850203,589066.168090,1936051.000000
224125,4476717.850203,589066.168090,1938615.800000
224248,4476717.850203,589066.168090,1941181.800000
224374,4476717.850203,589066.168090,1946317.200000
224495,4476717.850203,589066.168090,1948886.800000
224618,4476717.850203,589066.168090,1951457.200000
224741,4476717.850203,589066.168090,1954029.000000
224865,4476717.850203,589066.168090,1959175.600000
224987,4476717.850203,589066.168090,1961750.800000
225111,4476717.850203,589066.168090,1964327.000000
225234,4476717.850203,589066.168090,1966904.200000
225357,4476717.850203,589066.168090,1969482.800000
225483,4476717.850203,589066.168090,1974643.200000
225603,4476717.850203,589066.168090,1977225.000000
225726,4476717.850203,589066.168090,1979808.000000
225849,4476717.850203,589066.168090,1982392.200000
225975,4476717.850203,589066.168090,1987563.800000
226096,4476717.850203,589066.168090,1990151.400000
226219,4476717.850203,589066.168090,1992740.200000
226342,4476717.850203,589066.168090,1995329.800000
226467,4476717.850203,589066.168090,2000512.600000
226589,4476717.850203,589066.168090,2003106.000000
226712,4476717.850203,589066.168090,2005700.200000
226835,4476717.850203,589066.168090,2008295.600000
226958,4476717.850203,589066.168090,2010892.200000
227083,4476717.850203,589066.168090,2016088.600000
227204,4476717.850203,589066.168090,2018688.800000
227328,4476717.850203,589066.168090,2021289.400000
227452,4476717.850203,589066.168090,2023891.800000
227575,4476717.850203,589066.168090,2029099.400000
227698,4476717.850203,589066.168090,2031705.000000
227820,4476717.850203,589066.168090,2034311.600000
227943,4476717.850203,589066.168090,2036919.400000
228066,4476717.850203,589066.168090,2039528.200000
228191,4476717.850203,589066.168090,2044749.600000
228313,4476717.850203,589066.168090,2047361.600000
228436,4476717.850203,589066.168090,2049975.000000
228559,4476717.850203,589066.168090,2052589.400000
228684,4476717.850203,589066.168090,2057822.000000
228807,4476717.850203,589066.168090,2060440.000000
228929,4476717.850203,589066.168090,2063058.800000
229052,4476717.850203,589066.168090,2065678.800000
229177,4476717.850203,589066.168090,2070922.400000
229298,4476717.850203,589066.168090,2073545.800000
229423,4476717.850203,589066.168090,2076170.400000
229544,4476717.850203,589066.168090,2078796.200000
229669,4476717.850203,589066.168090,2084050.600000
229791,4476717.850203,589066.168090,2086679.600000
229915,4476717.850203,589066.168090,2089309.800000
230037,4476717.850203,589066.168090,2091941.000000
230161,4476717.850203,589066.168090,2094573.200000
230285,4476717.850203,589066.168090,2099841.000000
230407,4476717.850203,589066.168090,2102476.600000
230530,4476717.850203,589066.168090,2105113.200000
230653,4476717.850203,589066.168090,2107751.200000
230777,4476717.850203,589066.168090,2113030.000000
230900,4476717.850203,589066.168090,2115671.200000
231023,4476717.850203,589066.168090,2118313.400000
231147,4476717.850203,589066.168090,2120956.800000
231270,4476717.850203,589066.168090,2126246.800000
231393,4476717.850203,589066.168090,2128893.400000
231515,4476717.850203,589066.168090,2131541.000000
231639,4476717.850203,589066.168090,2134189.600000
231762,4476717.850203,589066.168090,2136839.800000
231886,4476717.850203,589066.168090,2142143.000000
232008,4476717.850203,589066.168090,2144796.400000
232132,4476717.850203,589066.168090,2147451.000000
232255,4476717.850203,589066.168090,2150106.400000
232379,4476717.850203,589066.168090,2155420.600000
232501,4476717.850203,589066.168090,2158079.600000
232624,4476717.850203,589066.168090,2160739.200000
232747,4476717.850203,589066.168090,2163400.400000
232872,4476717.850203,589066.168090,2168725.400000
232994,4476717.850203,589066.168090,2171389.800000
233117,4476717.850203,589066.168090,2174055.200000
233241,4476717.850203,589066.168090,2176721.600000
233363,4476717.850203,589066.168090,2179389.200000
233489,4476717.850203,589066.168090,2184727.600000
233609,4476717.850203,589066.168090,2187398.400000
233733,4476717.850203,589066.168090,2190070.400000
233856,4476717.850203,589066.168090,2192743.200000
233980,4476717.850203,589066.168090,2198092.600000
234103,4476717.850203,589066.168090,2200768.800000
234225,4476717.850203,589066.168090,2203446.200000
234349,4476717.850203,589066.168090,2206125.000000
234473,4476717.850203,589066.168090,2211485.200000
234595,4476717.850203,589066.168090,2214167.000000
234718,4476717.850203,589066.168090,2216849.600000
234841,4476717.850203,589066.168090,2219533.400000
234966,4476717.850203,589066.168090,2224904.800000
235088,4476717.850203,589066.168090,2227591.800000
235211,4476717.850203,589066.168090,2230280.000000
235334,4476717.850203,589066.168090,2232969.400000
235460,4476717.850203,589066.168090,2235660.200000
235583,4476717.850203,589066.168090,2241044.200000
235703,4476717.850203,589066.168090,2243738.000000
235827,4476717.850203,589066.168090,2246432.600000
235950,4476717.850203,589066.168090,2249128.600000
236074,4476717.850203,589066.168090,2254523.600000
236196,4476717.850203,589066.168090,2257222.600000
236319,4476717.850203,589066.168090,2259922.800000
236443,4476717.850203,589066.168090,2262624.200000
236568,4476717.850203,589066.168090,2268030.000000
236689,4476717.850203,589066.168090,2270734.600000
236812,4476717.850203,589066.168090,2273440.200000
236935,4476717.850203,589066.168090,2276146.800000
237058,4476717.850203,589066.168090,2278854.400000
237183,4476717.850203,589066.168090,2284273.200000
237305,4476717.850203,589066.168090,2286984.200000
237428,4476717.850203,589066.168090,2289696.200000
237551,4476717.850203,589066.168090,2292409.400000
237676,4476717.850203,589066.168090,2297838.800000
237797,4476717.850203,589066.168090,2300555.400000
237921,4476717.850203,589066.168090,2303273.000000
238044,4476717.850203,589066.168090,2305991.200000
238168,4476717.850203,589066.168090,2311431.600000
238290,4476717.850203,589066.168090,2314153.400000
238413,4476717.850203,589066.168090,2316876.200000
238536,4476717.850203,589066.168090,2319599.800000
238659,4476717.850203,589066.168090,2322325.000000
238785,4476717.850203,589066.168090,2327777.800000
238906,4476717.850203,589066.168090,2330506.200000
239029,4476717.850203,589066.168090,2333235.400000
239152,4476717.850203,589066.168090,2335965.600000
239276,4476717.850203,589066.168090,2341429.200000
239399,4476717.850203,589066.168090,2344162.800000
239521,4476717.850203,589066.168090,2346897.200000
239647,4476717.850203,589066.168090,2349633.000000
239769,4476717.850203,589066.168090,2355107.400000
239892,4476717.850203,589066.168090,2357846.200000
240015,4476717.850203,589066.168090,2360586.000000
240138,4476717.850203,589066.168090,2363327.000000
240261,4476717.850203,589066.168090,2366068.800000
240385,4476717.850203,589066.168090,2371556.200000
240507,4476717.850203,589066.168090,2374301.200000
240630,4476717.850203,589066.168090,2377047.600000
240753,4476717.850203,589066.168090,2379795.000000
240878,4476717.850203,589066.168090,2385292.800000
241001,4476717.850203,589066.168090,2388043.200000
241123,4476717.850203,589066.168090,2390795.000000
241246,4476717.850203,589066.168090,2393547.600000
241371,4476717.850203,589066.168090,2399056.000000
241493,4476717.850203,589066.168090,2401811.800000
241618,4476717.850203,589066.168090,2404568.400000
241739,4476717.850203,589066.168090,2407326.400000
241862,4476717.850203,589066.168090,2410085.400000
242108,4476717.850203,589066.168090,2418368.600000
242207,4476717.850203,589066.168090,2421132.000000
242308,4476717.850203,589066.168090,2423896.200000
242409,4476717.850203,589066.168090,2426661.600000
242510,4476717.850203,589066.168090,2429428.000000
242611,4476717.850203,589066.168090,2432195.400000
242735,4476717.850203,589066.168090,2434963.800000
242858,4476717.850203,589066.168090,2437733.400000
242982,4476717.850203,589066.168090,2443275.600000
243104,4476717.850203,589066.168090,2446048.400000
243227,4476717.850203,589066.168090,2448822.000000
243353,4476717.850203,589066.168090,2451597.000000
243475,4476717.850203,589066.168090,2457149.600000
243597,4476717.850203,589066.168090,2459927.400000
243720,4476717.850203,589066.168090,2462706.600000
243843,4476717.850203,589066.168090,2465486.600000
243968,4476717.850203,589066.168090,2471049.800000
244090,4476717.850203,589066.168090,2473833.000000
244213,4476717.850203,589066.168090,2476617.200000
244336,4476717.850203,589066.168090,2479402.800000
244460,4476717.850203,589066.168090,2482189.000000
244583,4476717.850203,589066.168090,2487764.600000
244705,4476717.850203,589066.168090,2490554.200000
244828,4476717.850203,589066.168090,2493345.000000
244952,4476717.850203,589066.168090,2496136.400000
245076,4476717.850203,589066.168090,2501722.600000
245198,4476717.850203,589066.168090,2504517.400000
245321,4476717.850203,589066.168090,2507313.400000
245444,4476717.850203,589066.168090,2510110.200000
245569,4476717.850203,589066.168090,2515707.000000
245690,4476717.850203,589066.168090,2518506.800000
245814,4476717.850203,589066.168090,2521308.200000
245937,4476717.850203,589066.168090,2524110.200000
246060,4476717.850203,589066.168090,2526913.000000
246185,4476717.850203,589066.168090,2532522.400000
246307,4476717.850203,589066.168090,2535328.600000
246430,4476717.850203,589066.168090,2538136.000000
246553,4476717.850203,589066.168090,2540944.000000
