timestamp,pos_x,pos_y,heading
0.0,0.0,0.0,0.0
0.01,0.04279613703652931,0.009544134137084302,0.00665916591349778
0.019999999999999997,0.09516234118974662,-0.01585773232343548,0.013622539140671432
0.03,0.1215120340827939,-0.014260086384793234,0.02114476127005549
0.04,0.16340734819876473,-0.00868143949780999,0.029745574466579956
0.05,0.2072991534936271,0.00975266929128156,0.036246888114757916
0.060000000000000005,0.23786287955903723,0.01752941782711675,0.044626810629040316
0.07,0.27238433849697496,0.0007714804769895396,0.05107561450028452
0.08,0.31352034363982084,-0.006318806319027762,0.057981797687630954
0.09,0.3509905731517945,-0.0070721112582373315,0.06293241219063797
0.09999999999999999,0.3978477854442499,-0.02893021595805413,0.0698147918760031
0.10999999999999999,0.432814925739468,-0.02496555381280517,0.07700091225321769
0.11999999999999998,0.47836277879344236,-0.03375745786450258,0.08670840458023515
0.12999999999999998,0.5327893358002138,-0.018008135953359962,0.0942307607254821
0.13999999999999999,0.5799106123883268,-0.014288900855597218,0.09952781097937927
0.15,0.616599809233363,-0.018885317895362436,0.10597431883516166
0.16,0.6515016016966312,-0.01889431719660479,0.11194230100081458
0.17,0.6944880823342652,-0.0250184838775886,0.11642569535690034
0.18000000000000002,0.7429970327989461,-0.030857505538642045,0.12290887801533237
0.19000000000000003,0.7642650150022385,-0.011097778298706269,0.12914267427509468
0.20000000000000004,0.7726608522804708,-0.009573090481405089,0.13817432337766414
0.21000000000000005,0.8081447174701206,-0.00378165536368666,0.14473590815026016
0.22000000000000006,0.8456648277631891,-0.006763552818056515,0.15004239962209762
0.23000000000000007,0.8999367773923943,-0.006407375825945197,0.15731640019835053
0.24000000000000005,0.9422924233860573,0.0024524437221746655,0.16458492930937763
0.25000000000000006,0.986295427343196,0.00570842599747177,0.1726674035052719
0.26000000000000006,1.0312854536210423,0.008709782369558083,0.17825483442774998
0.2700000000000001,1.069367003850078,0.022483999842313834,0.1855911049828272
0.2800000000000001,1.1200613806521829,0.043806305676120844,0.19140577235479075
0.2900000000000001,1.1703180324223694,0.06235648503920962,0.19797814604241734
0.3000000000000001,1.2022449330795402,0.06648650844890658,0.20579994472406465
0.3100000000000001,1.255373672510462,0.06683849393720376,0.2124910078669905
0.3200000000000001,1.2897170659242527,0.06726619177788624,0.22054189874506053
0.3300000000000001,1.3357209818564961,0.07402048634426339,0.2294510075045978
0.34000000000000014,1.38323753138658,0.06816509800641328,0.23697836623569205
0.35000000000000014,1.4374877077200248,0.07260843665482246,0.24398904634666935
0.36000000000000015,1.4796761362421784,0.07678925255125807,0.25017598531113727
0.37000000000000016,1.5419911277870015,0.07736198368649239,0.25638427453680923
0.38000000000000017,1.5770591669693803,0.09748289025354127,0.262657044837479
0.3900000000000002,1.6324626686023658,0.09836616677614042,0.268961625344564
0.4000000000000002,1.6644284054922223,0.10160943648562712,0.27692929989873943
0.4100000000000002,1.7119611748984807,0.11726074270719411,0.28520379433851856
0.4200000000000002,1.7466145515497915,0.12335421771538037,0.29228683303436453
0.4300000000000002,1.7821882634597344,0.13194277176037297,0.30036550594750433
0.4400000000000002,1.826406046785414,0.1284715797373404,0.308736019563451
0.45000000000000023,1.862403144544353,0.14303650740411405,0.3150741102224375
0.46000000000000024,1.910625582575903,0.17661340534549277,0.32082725925695005
0.47000000000000025,1.9593567785873844,0.21473701454612232,0.32718069952187706
0.48000000000000026,2.0057674609793716,0.2202350621357048,0.33271940292429875
0.4900000000000002,2.0453020383097535,0.25138446725124697,0.34018411987857533
0.5000000000000002,2.078180224458586,0.265582302778706,0.3467192147858909
0.5100000000000002,2.1459844343302925,0.2900084892265845,0.35281914667854997
0.5200000000000002,2.187867612396009,0.31287657038424904,0.3596132420319793
0.5300000000000002,2.233478215318348,0.32780108785713186,0.3672637779498838
0.5400000000000003,2.2658898889899173,0.3492018336884422,0.37496891755058254
0.5500000000000003,2.2996794071266935,0.3561232469378594,0.3806540781280459
0.5600000000000003,2.342169969948587,0.3702604268952056,0.3879428977605548
0.5700000000000003,2.3713687139079234,0.38030172104590326,0.3947165553387309
0.5800000000000003,2.4020483172877927,0.3891570220506094,0.4029182963914897
0.5900000000000003,2.427222719480538,0.41839753154877346,0.40947680007438797
0.6000000000000003,2.4546446733132545,0.42046474286007124,0.4181839759997361
0.6100000000000003,2.4842919953271445,0.4397181546797708,0.42614707923942535
0.6200000000000003,2.522891817602508,0.43893630786297316,0.43423549666533406
0.6300000000000003,2.5453216883231473,0.4212264355647113,0.44002574464427013
0.6400000000000003,2.5723801317081336,0.46196745366218495,0.4465238940988951
0.6500000000000004,2.6156611996412784,0.4880552922438868,0.4538847487855445
0.6600000000000004,2.664717090206082,0.5138972640755765,0.46064016691920967
0.6700000000000004,2.706969179433453,0.5414047159530735,0.4675902131828329
0.6800000000000004,2.7298264611856773,0.5584665646490335,0.47344139662110407
0.6900000000000004,2.782168161811681,0.5794700760924275,0.48040920337746035
0.7000000000000004,2.8121522503495173,0.6073295215699891,0.4877871367382468
0.7100000000000004,2.844660778089653,0.6256146507632054,0.49436601574887107
0.7200000000000004,2.9014679657385636,0.6496559020577398,0.5020143187254681
0.7300000000000004,2.944918812268849,0.664231498066484,0.5079902373574416
0.7400000000000004,2.97315798035566,0.6798285278901431,0.5148244859398864
0.7500000000000004,3.0006119860588156,0.7087690018479986,0.5218057898959101
0.7600000000000005,3.034493882294472,0.7312707461011962,0.529691981954575
0.7700000000000005,3.0771301514437615,0.7567763422247258,0.5365208640417345
0.7800000000000005,3.1252511801101943,0.7749001777731356,0.5423239854838486
0.7900000000000005,3.1731473752004002,0.795250876458351,0.5499496397122815
0.8000000000000005,3.204382365737774,0.8133260075624626,0.5590848698782022
0.8100000000000005,3.2488400989110042,0.8328550983148646,0.5651567954115072
0.8200000000000005,3.273157428288714,0.846431416769725,0.5730911744048021
0.8300000000000005,3.3115257742277007,0.8769316134471856,0.5798006429389455
0.8400000000000005,3.328824046125662,0.8834168411597884,0.5863202989681394
0.8500000000000005,3.3514154840600248,0.9037075530412725,0.5930563261254712
0.8600000000000005,3.3786288701717857,0.9228801570862709,0.6007284888794593
0.8700000000000006,3.4146899659735412,0.9281582769897424,0.6078174112926396
0.8800000000000006,3.435493099908427,0.9576717528800811,0.6144278183772128
0.8900000000000006,3.452152594571736,1.000713092801825,0.6228912939324217
0.9000000000000006,3.488297129981658,1.0291248112258122,0.6291702159015864
0.9100000000000006,3.498054152977157,1.0647159635378423,0.6363634141076457
0.9200000000000006,3.5432775177578817,1.0894442819471384,0.6438099675899039
0.9300000000000006,3.570528388426296,1.1037214340331973,0.6490582672748113
0.9400000000000006,3.609331082193789,1.1285067682007108,0.6567231529573213
0.9500000000000006,3.6321119523545726,1.1338994629674362,0.6638933895006615
0.9600000000000006,3.6608196516706486,1.1611735908389909,0.6719461804069071
0.9700000000000006,3.686314449661975,1.1759513570773463,0.6801637221728136
0.9800000000000006,3.7160264890888013,1.201904688105457,0.6866046064136714
0.9900000000000007,3.757273141277962,1.225166640368647,0.6938184011351514
1.0000000000000007,3.7742857148294022,1.2326928075135137,0.7021484439500304
1.0100000000000007,3.805092121564437,1.243569203602628,0.7100432422322164
1.0200000000000007,3.8510267768363065,1.2762858243375037,0.716144397845691
1.0300000000000007,3.8802437195543655,1.2946761737563117,0.7220022159308064
1.0400000000000007,3.924146112037218,1.30977836664931,0.7292705781525701
1.0500000000000007,3.9547866456489653,1.3449055769172757,0.7362059127758599
1.0600000000000007,3.969268025009275,1.3762062467017075,0.7436033125030271
1.0700000000000007,3.9973807356443314,1.4010740465747071,0.7495697291411048
1.0800000000000007,4.028025491080551,1.4348265240581017,0.7562303650106875
1.0900000000000007,4.03759394182883,1.459402365271906,0.7643371834875989
1.1000000000000008,4.084657207363791,1.4658115016522382,0.7719332581141445
1.1100000000000008,4.12577361811858,1.5047743288136433,0.7807578948048001
1.1200000000000008,4.151101154990627,1.5333281853306666,0.7870300020200781
1.1300000000000008,4.164880086728747,1.5613772130849177,0.7948686560933564
1.1400000000000008,4.176729603056116,1.593292952133277,0.8030293206500294
1.1500000000000008,4.210879263874548,1.6439999274691786,0.8105997079171178
1.1600000000000008,4.252283191986136,1.6779688041825551,0.8170358301283414
1.1700000000000008,4.287596278938845,1.7212873748347783,0.8236415634302978
1.1800000000000008,4.310877381436369,1.7287854188124647,0.8304845218106528
1.1900000000000008,4.331558782552215,1.7519979675454769,0.8372895961601898
1.2000000000000008,4.357544513410257,1.7961958878824702,0.8444943418900558
1.2100000000000009,4.387004364698441,1.8191115867048013,0.8494806946832872
1.2200000000000009,4.399374477759732,1.8365827991338204,0.8561476756378531
1.2300000000000009,4.419574016571208,1.8629949698420176,0.8610884777228097
1.2400000000000009,4.437274414305902,1.8820127565758147,0.868288708694008
1.2500000000000009,4.462438170833856,1.9216501054460744,0.8754945533373912
1.260000000000001,4.4907109770640625,1.9585199628991454,0.8823297884532935
1.270000000000001,4.5009501349005525,1.9966133642761197,0.8887661573402518
1.280000000000001,4.522941194168751,2.031965287928663,0.8950253228783726
1.290000000000001,4.542512727635489,2.063316646717261,0.9024314849890508
1.300000000000001,4.550211458087955,2.0951777053985587,0.9105358777453734
1.310000000000001,4.5844285211680775,2.1176477955751407,0.916598447934412
1.320000000000001,4.611990703664528,2.1259776889886464,0.9240584974677928
1.330000000000001,4.648789088276173,2.1709868947385695,0.9304857898635946
1.340000000000001,4.6598160142389675,2.193819655942435,0.9389988914838047
1.3500000000000008,4.6740866937246786,2.2232241575663036,0.9460360172978829
1.3600000000000008,4.692303059247439,2.2432961135243095,0.9533380527842926
1.3700000000000008,4.7035307631845855,2.2707369151929657,0.9626860997448519
1.3800000000000008,4.728783477069798,2.30955746051951,0.9697435641682217
1.3900000000000008,4.769639949903059,2.335212794029891,0.9755501256623581
1.4000000000000008,4.7862799396722036,2.356331075284018,0.9818506535044845
1.4100000000000008,4.82048512861898,2.3930470230880294,0.9894660781928706
1.4200000000000008,4.84965984769373,2.4255143903893743,0.9957503787837201
1.4300000000000008,4.875801860256673,2.46667490767452,1.0014820208393294
1.4400000000000008,4.920201490039767,2.483164382527803,1.0091082140883343
1.4500000000000008,4.949152303298562,2.5221926943470727,1.016127343703917
1.4600000000000009,4.968844618106094,2.5513268146917096,1.0233456514291637
1.4700000000000009,5.000696115677876,2.5916701729186644,1.0296574744402878
1.4800000000000009,5.015959764302583,2.632588249335744,1.0362323980628152
1.4900000000000009,5.033829715421431,2.672371838652861,1.043759615956504
1.5000000000000009,5.065701007249945,2.695995134352837,1.0500487157825387
1.510000000000001,5.106410983414777,2.723451048134083,1.058556836137266
1.520000000000001,5.110388634906237,2.7684859387815743,1.0647659926783044
1.530000000000001,5.1430306252239735,2.7952800373219615,1.0732110788368876
1.540000000000001,5.157004189930783,2.839231157078935,1.0813629902851694
1.550000000000001,5.1944582713022385,2.883152880095091,1.089343382546297
1.560000000000001,5.199498537710316,2.923282948686855,1.0947658246174343
1.570000000000001,5.217083128083733,2.9657694492286732,1.1015421503610103
1.580000000000001,5.235464996283691,3.009972163148828,1.10821583950671
1.590000000000001,5.260824718814202,3.0547483803242095,1.1171517104859543
1.600000000000001,5.2820536693738624,3.0797273665758533,1.1240312262044763
1.610000000000001,5.275832262266019,3.109096843738242,1.1311566292682453
1.620000000000001,5.283958460552656,3.1479707086702957,1.1372184503031388
1.630000000000001,5.316704819779708,3.188477795655857,1.143542644397024
1.640000000000001,5.342998103088972,3.236041525958433,1.1508941507942394
1.650000000000001,5.365172202219292,3.2530012186411814,1.1591211167193278
1.660000000000001,5.3670337097928,3.272670099669826,1.1661269236975134
1.670000000000001,5.371620480158205,3.3062690246193016,1.1740378624797612
1.680000000000001,5.392953418874832,3.3519724735692886,1.1813745845453087
1.690000000000001,5.400137931809621,3.3780434676140296,1.1897114253466843
1.700000000000001,5.417298069268837,3.407279702122496,1.1963206537929545
1.710000000000001,5.4360405397737175,3.4395121610347634,1.2037336450561729
1.720000000000001,5.454675134012128,3.4692500137415387,1.2113359097239509
1.730000000000001,5.46620397086769,3.5132016235399015,1.2191210019317285
1.740000000000001,5.47585382870711,3.5683917072164957,1.2264640052760771
1.750000000000001,5.487451602467855,3.6034928197626535,1.233237617605107
1.7600000000000011,5.507053199275852,3.639589926814473,1.2403045601816374
1.7700000000000011,5.520191167248049,3.7005139945223804,1.2451906471510885
1.7800000000000011,5.538552220574092,3.737478053169116,1.2535984504961353
1.7900000000000011,5.554016824107358,3.7884122433203733,1.2609140215673296
1.8000000000000012,5.556123148601804,3.831604078402621,1.2679594866321968
1.8100000000000012,5.5745759189557695,3.873930229047099,1.2749635732378914
1.8200000000000012,5.594663220103082,3.8914846742590794,1.2818064768727875
1.8300000000000012,5.607368547245767,3.9318628405382365,1.2870130272656954
1.8400000000000012,5.6210101128201675,3.9785146353334264,1.2937573743623807
1.8500000000000012,5.612675023146385,4.019057358176747,1.3003712647075245
1.8600000000000012,5.63420573494189,4.050084281675509,1.3069620045317332
1.8700000000000012,5.652735627510766,4.085910696725609,1.3128227225648188
1.8800000000000012,5.651640414366106,4.122589538504313,1.3203994987108723
1.8900000000000012,5.660670289896819,4.1689446147122275,1.3279563501959177
1.9000000000000012,5.6547102905651165,4.201576126442392,1.3364276474317196
1.9100000000000013,5.666094110024649,4.228924991913895,1.3437810011852362
1.9200000000000013,5.676574486390199,4.259366229559765,1.3518595625299303
1.9300000000000013,5.680031780179998,4.310796763214568,1.3586078879710803
1.9400000000000013,5.70499112630091,4.347090953537262,1.364909119225816
1.9500000000000013,5.6960195762357895,4.388556750276026,1.3715051004729526
1.9600000000000013,5.703088169514946,4.4359122239816005,1.376901842647551
1.9700000000000013,5.710534108824482,4.471320759374044,1.3823198981367117
1.9800000000000013,5.719804359625393,4.509687446135981,1.3913296615396356
1.9900000000000013,5.747174866556996,4.54144588907662,1.3984519453734978
2.0000000000000018,5.761133726989141,4.590967345170654,1.4064172107635597
2.0100000000000016,5.766375628928437,4.617449036777072,1.413443669662549
2.0200000000000014,5.7752149550620535,4.661547054201249,1.419706923906353
2.0300000000000016,5.803373910182868,4.712560501004186,1.4252450504489365
2.040000000000002,5.802846286037971,4.759771355897598,1.4318602404445508
2.0500000000000016,5.805701951494811,4.805947423933667,1.4395801124565808
2.0600000000000014,5.810937083663886,4.825247662094219,1.4456161982289586
2.0700000000000016,5.793691412793624,4.874041688571964,1.451599397478056
2.080000000000002,5.794649824280397,4.930993022605507,1.4591421273018244
2.0900000000000016,5.805084229392714,4.963997486061121,1.4661580890808252
2.1000000000000014,5.821220277963441,4.997021809964409,1.4728191318949733
2.1100000000000017,5.8093836161657,5.06026695163013,1.4796131746454948
2.120000000000002,5.811309281410367,5.104532436120985,1.4875679369198498
2.1300000000000017,5.806622100312713,5.13353302850858,1.4945221857720214
2.1400000000000015,5.807459026998249,5.174764230331096,1.5018128144039702
2.1500000000000017,5.823993467094113,5.2197147303538305,1.5091955426621697
2.160000000000002,5.839503288522082,5.2607055031070695,1.5158715209184086
2.1700000000000017,5.851326231266238,5.304320970818624,1.523471526950345
2.1800000000000015,5.847248746112293,5.3385828713989625,1.5319152268253988
2.1900000000000017,5.848192116093986,5.370660556504054,1.5405945214903767
2.200000000000002,5.85693113558344,5.4040987532632005,1.546695768422295
2.2100000000000017,5.862851134526414,5.449258445124344,1.5553366834079563
2.2200000000000015,5.8646778165248925,5.49231563679654,1.5614363634003638
2.2300000000000018,5.879384008112943,5.513087454825592,1.5671367404640502
2.240000000000002,5.883743640966816,5.567186916762685,1.57364300074331
2.2500000000000018,5.864196657170413,5.621261251693065,1.5808294187400689
2.2600000000000016,5.840807436774254,5.661146591647757,1.5870779771180838
2.270000000000002,5.848552298081845,5.696348809347935,1.5936496153910207
2.280000000000002,5.853809308168134,5.722353934608706,1.5986434272289514
2.290000000000002,5.856918916496215,5.770035258603396,1.6040356949695764
2.3000000000000016,5.845183192673776,5.796268981672245,1.6087582437009387
2.310000000000002,5.849875036339063,5.850353251131974,1.6155941489264267
2.320000000000002,5.849749248393797,5.887321773113664,1.622671781761864
2.330000000000002,5.840203584835946,5.94922357347729,1.6306233387892897
2.3400000000000016,5.83725834835366,5.995016632665636,1.6370116946362898
2.350000000000002,5.833033126925591,6.0304861017108955,1.6453370961750033
2.360000000000002,5.828931258754626,6.082243830325354,1.651136298436476
2.370000000000002,5.850832646460589,6.106922218022208,1.6583210215405826
2.3800000000000017,5.834124342193399,6.135008596752832,1.663401690768857
2.390000000000002,5.828742658017153,6.182641701657615,1.6691637596851658
2.400000000000002,5.805642261449007,6.235025896553485,1.6765072738827727
2.410000000000002,5.809344310243892,6.281368929864064,1.6822834881632227
2.4200000000000017,5.812602773981323,6.324129285786309,1.689187295597678
2.430000000000002,5.807365040222184,6.360090781325281,1.6973458381629087
2.440000000000002,5.790134936731236,6.390534114428583,1.7046567569736126
2.450000000000002,5.777390992516706,6.426548638820724,1.7115718384357286
2.4600000000000017,5.790325648056542,6.449253657947653,1.7179243354052391
2.470000000000002,5.790103917982634,6.488592022957995,1.7244165924631103
2.480000000000002,5.774379193613219,6.5349399756844635,1.7316213778124054
2.490000000000002,5.759571050838224,6.5946409891936515,1.738227627815162
2.5000000000000018,5.747772020497527,6.641936202886496,1.7446965528316996
2.510000000000002,5.750350980857425,6.699038381996368,1.737592505083658
2.520000000000002,5.738817597471418,6.727102658470785,1.7288717233698812
2.530000000000002,5.723504572114829,6.782581932116381,1.7237689310630897
2.540000000000002,5.714027575370207,6.825628721529605,1.717851101713136
2.550000000000002,5.68497460257658,6.869828489203104,1.7106438902851604
2.560000000000002,5.682131563349873,6.9112400917447525,1.7050537200914913
2.570000000000002,5.665325582376464,6.954450624488586,1.698102532437804
2.580000000000002,5.633459259503739,6.997517074648392,1.691557412544333
2.590000000000002,5.631220153041492,7.006431655104719,1.6870220758743328
2.600000000000002,5.646799740536129,7.053265016581924,1.6805924673347246
2.610000000000002,5.656853885834202,7.09556559963381,1.6736978247037277
2.620000000000002,5.671343640379563,7.1396231218753075,1.666755315348516
2.630000000000002,5.675845667273861,7.17372345444263,1.6600336450156046
2.640000000000002,5.668528790761199,7.214306642057136,1.6529465349599504
2.650000000000002,5.66434586383832,7.244630657250944,1.6466968328164013
2.660000000000002,5.662847645344305,7.307814325837403,1.641728353694934
2.670000000000002,5.665159080907371,7.358857054845214,1.6340380874713358
2.680000000000002,5.664032089081517,7.395892901413796,1.6278334035721698
2.690000000000002,5.655702630933676,7.445365149927296,1.6234975615397975
2.700000000000002,5.6507354377219885,7.496549811816137,1.6165351366875007
2.710000000000002,5.647240872908389,7.539043985974251,1.610186001245028
2.720000000000002,5.647300575884223,7.587610651710199,1.601145913523921
2.730000000000002,5.635581226490307,7.602378048096359,1.593205469949363
2.740000000000002,5.621187368521865,7.623275546176205,1.5867372281693557
2.750000000000002,5.6125471281701556,7.665153069866296,1.5795632951173635
2.760000000000002,5.628670377993837,7.716757734320769,1.5738030608542024
2.7700000000000022,5.624947056825226,7.746643123984728,1.5689689386594685
2.780000000000002,5.62985290465776,7.778037478055368,1.56195580940638
2.7900000000000023,5.642609546880703,7.818987971945763,1.5558785538506403
2.800000000000002,5.633441336263585,7.873585217916885,1.5503232675685477
2.8100000000000023,5.649348169185628,7.904855720393901,1.5441063673012774
2.820000000000002,5.658202203579772,7.9373960091185545,1.536991879349709
2.8300000000000023,5.674733804129856,7.971034381785177,1.5295766880943893
2.840000000000002,5.684740593624513,8.011616274471415,1.523473755016805
2.8500000000000023,5.670375745758551,8.049735625893861,1.5149840105286716
2.860000000000002,5.660734804197099,8.090345028755818,1.5068075094518605
2.8700000000000023,5.6691702993231425,8.122778489886725,1.4990356414779962
2.880000000000002,5.687587200906477,8.147020301600403,1.4911667420153274
2.8900000000000023,5.719911806527357,8.20186327641911,1.4844118765647127
2.900000000000002,5.740019163333034,8.236938655168663,1.4778081922826969
2.9100000000000024,5.7541126844579935,8.285241005643492,1.4714406469964598
2.920000000000002,5.762810258348184,8.328630776139104,1.4642537138230631
2.9300000000000024,5.750020240761622,8.361934134254449,1.4574326946292953
2.940000000000002,5.754954988661078,8.379662033375343,1.45116646786006
2.9500000000000024,5.763030278319496,8.424126505100645,1.4446792928276646
2.960000000000002,5.77666423966638,8.460960447933198,1.4377390466115783
2.9700000000000024,5.770866337527217,8.498310013281992,1.4321773802750706
2.980000000000002,5.797112823626828,8.564992635380063,1.425896526743429
2.990000000000002,5.790470124062132,8.598221894176094,1.4206147888956346
3.000000000000002,5.799935594021165,8.634106769551636,1.414056544608476
3.0100000000000025,5.805441038286742,8.678936632913071,1.4072000329534793
3.0200000000000022,5.819236407983732,8.706839120068544,1.4009448131739866
3.030000000000002,5.826500195736395,8.746674216088703,1.3939710711016033
3.0400000000000023,5.846630258775396,8.799913820411112,1.3863805768185138
3.0500000000000025,5.835200439468924,8.828009675373648,1.3807093130387427
3.0600000000000023,5.855569567103631,8.86650179605217,1.3723987088042267
3.070000000000002,5.8662279128420325,8.8899131603905,1.3643482240762015
3.0800000000000023,5.867949778187218,8.913164696745902,1.3579087058325912
3.0900000000000025,5.863284904834624,8.963268529189694,1.3498606438298624
3.1000000000000023,5.877284665076075,8.996055675873242,1.342328538730896
3.110000000000002,5.877375641271829,9.031963971482847,1.33412657441177
3.1200000000000023,5.880659308381266,9.074788673588106,1.3268958293318873
3.1300000000000026,5.89179178303167,9.111152743815532,1.3196517275206636
3.1400000000000023,5.899835060502477,9.150663757715856,1.3122758692425964
3.150000000000002,5.921453351101594,9.184530271779948,1.3062079431095972
3.1600000000000024,5.917990213743898,9.212493695850867,1.2989697271097147
3.1700000000000026,5.922874782735656,9.246621342174652,1.2920350075473157
3.1800000000000024,5.929823342133152,9.295429090334782,1.2841463000064521
3.190000000000002,5.939380191121513,9.330513852413326,1.2782531804712767
3.2000000000000024,5.951808982270634,9.37321542894121,1.2714091062675035
3.2100000000000026,5.950642442801343,9.40567610605027,1.2638894206611255
3.2200000000000024,5.971260590263151,9.434825907108468,1.2584767437462614
3.230000000000002,5.985161118423054,9.451404982368022,1.2538812553910936
3.2400000000000024,6.007229902678336,9.496437633049288,1.2471913758154831
3.2500000000000027,6.0353246306205435,9.544736232810092,1.2400903986707457
3.2600000000000025,6.048463593790609,9.597667816472201,1.2336959183004104
3.2700000000000022,6.062894359482287,9.635468272907433,1.2270299785294871
3.2800000000000025,6.061935083043107,9.676659716636708,1.2197727244432484
3.2900000000000027,6.09392821505311,9.72295506901378,1.2126058436926135
3.3000000000000025,6.104793674790644,9.756725645374917,1.20624911239594
3.3100000000000023,6.1277528226177,9.787668961556955,1.1998026914646926
3.3200000000000025,6.144365445180361,9.819751614432308,1.1938804596604706
3.3300000000000027,6.1739818625548955,9.873409666793075,1.1874686936494303
3.3400000000000025,6.174159503698909,9.90164974604925,1.1802004165042594
3.3500000000000023,6.193500820218367,9.932262065915834,1.1732607748564279
3.3600000000000025,6.200019942887788,9.970952090726858,1.1662456419268368
3.3700000000000028,6.2212512248295715,10.006564787531719,1.1590392165731356
3.3800000000000026,6.245956834702733,10.038876455053412,1.152063458067739
3.3900000000000023,6.2680271632271305,10.076481215737125,1.1434368793746643
3.4000000000000026,6.270713815775628,10.103681990308292,1.1377129513351982
3.410000000000003,6.307497416363487,10.137085647928334,1.1282245486503741
3.4200000000000026,6.321221344355978,10.163012430031594,1.1218402258728575
3.4300000000000024,6.360235004744648,10.19379865794545,1.1152520925149836
3.4400000000000026,6.368379594759116,10.22526847157478,1.1075189120267923
3.450000000000003,6.380260923492225,10.27274172366812,1.099817613177402
3.4600000000000026,6.3854870086831275,10.318757327613527,1.0919713397830626
3.4700000000000024,6.398208717961543,10.341356943578614,1.0849528370004737
3.4800000000000026,6.41935632258858,10.357545996131568,1.0775312689780268
3.490000000000003,6.441566344555175,10.3882021961498,1.0696256598272806
3.5000000000000027,6.4545414736966515,10.403025908419975,1.0624219971830826
3.5100000000000025,6.472153439476118,10.435135093857195,1.0552183230500782
3.5200000000000027,6.480883404435261,10.47400016799814,1.049124336512974
3.530000000000003,6.494561041433218,10.496617989878466,1.0424636097280604
3.5400000000000027,6.507566576518391,10.53465918653043,1.0343906121418038
3.5500000000000025,6.531549362917137,10.589449028821933,1.02743183126311
3.5600000000000027,6.5559082138953295,10.616330125782822,1.0224232300085854
3.570000000000003,6.570788972899569,10.638958296747575,1.015370589648136
3.5800000000000027,6.58570483376558,10.68063953790266,1.0082352808898463
3.5900000000000025,6.610845367945226,10.718491804774958,1.0007020470244337
3.6000000000000028,6.632476024920764,10.764663731133831,0.9929780868463253
3.610000000000003,6.655625391028597,10.801662617985482,0.9866233070933585
3.6200000000000028,6.670130972769545,10.838739272919833,0.9803774690250203
3.6300000000000026,6.689632940989065,10.87047148138429,0.9751066858934584
3.640000000000003,6.7134713465739,10.888524219433895,0.9685150831691971
3.650000000000003,6.74626904857219,10.921094120110801,0.9623799903905833
3.660000000000003,6.75564363481713,10.954024426872676,0.9556440330149416
3.6700000000000026,6.770285256620646,10.98313203534481,0.9479922612012462
3.680000000000003,6.797350167711024,11.012927756496069,0.9407869322721654
3.690000000000003,6.822890255465719,11.034239701987575,0.9319353439804867
3.700000000000003,6.843344064543245,11.064475938197441,0.9253303859939627
3.7100000000000026,6.867611992517546,11.103008671650926,0.9201465056297841
3.720000000000003,6.89733393631182,11.132859041205927,0.9134641482167289
3.730000000000003,6.939566731470713,11.162947567858195,0.9055706010006248
3.740000000000003,6.97486956552947,11.188145101873452,0.899356701396957
3.7500000000000027,7.015106696056121,11.205186979702656,0.8912009671454814
3.760000000000003,7.048214071096222,11.236524083998617,0.8826299986716869
3.7700000000000027,7.069810786642165,11.264216091445705,0.8753123085262746
3.780000000000003,7.097873677705288,11.310262186357823,0.8686440648749815
3.7900000000000027,7.132146336349867,11.325861063710924,0.8596789926919173
3.800000000000003,7.169617123152079,11.352460842356727,0.8510817635488782
3.8100000000000027,7.189732843708376,11.386435473598958,0.8446630629823887
3.820000000000003,7.221677426010007,11.422677219705061,0.838326029975494
3.8300000000000027,7.262542185479798,11.449757885658602,0.8314101666873717
3.840000000000003,7.287516715235124,11.477696241113865,0.8243584842622218
3.8500000000000028,7.3237765814444895,11.507770177524561,0.8161919388708735
3.860000000000003,7.356422999520241,11.525377304663143,0.8093493809729305
3.8700000000000028,7.39773531982004,11.5553620653919,0.8035909351956296
3.880000000000003,7.43460417415618,11.579453976437982,0.7967009543046448
3.890000000000003,7.461502420275226,11.60033886855503,0.7895925099808824
3.900000000000003,7.49038254060476,11.638006159504167,0.7830312270915016
3.910000000000003,7.525133741229098,11.664936918163459,0.7748197529264148
3.920000000000003,7.558467508109043,11.698900581839556,0.7667916511384526
3.930000000000003,7.595401733754928,11.742942607421027,0.7594900800019065
3.940000000000003,7.627341975384748,11.771219093666963,0.7522389991491079
3.950000000000003,7.649766401450391,11.792171443393267,0.7464227366751565
3.960000000000003,7.6852524512974,11.825337673243862,0.7401675500297564
3.970000000000003,7.709745987395995,11.865256977667348,0.7343741574761405
3.980000000000003,7.7338926199743785,11.905866224382558,0.7301892924311323
3.990000000000003,7.760105830426598,11.95080201064198,0.7228637306527519
4.000000000000003,7.772729431694033,11.990591299193905,0.7150739648628082
4.010000000000003,7.797186552986149,12.017083014969547,0.708187994661093
4.020000000000003,7.838453620859267,12.04011609622221,0.70081189933166
4.030000000000003,7.858058928934528,12.065487511037288,0.6933715426162851
4.040000000000003,7.881647545198754,12.092181665801208,0.6843226134686161
4.050000000000003,7.908784602345163,12.116323375105333,0.6780441448493004
4.060000000000003,7.935560777217435,12.145235452334054,0.6720975298561276
4.070000000000003,7.970664195560702,12.166987767340993,0.6640244769258649
4.080000000000003,8.0122504066047,12.186753172061307,0.6575271185910726
4.090000000000003,8.055289951717695,12.20071949068223,0.6492399824069647
4.100000000000003,8.078267273974388,12.214350711140186,0.6421613534689425
4.110000000000003,8.103950489930487,12.230999384499684,0.6345582851979593
4.120000000000003,8.120981878443649,12.236554142411624,0.6279436490062537
4.1300000000000034,8.152211132543597,12.244869465136867,0.6202164219177759
4.140000000000003,8.195535561156708,12.261350438740232,0.6140821053964454
4.150000000000003,8.231617385369265,12.30429145754569,0.6050176988130513
4.160000000000003,8.252708030729533,12.33008206707332,0.5989602304114912
4.1700000000000035,8.285113678619163,12.362577644921728,0.5919629275205112
4.180000000000003,8.322779018803741,12.395880774513534,0.5847341993065127
4.190000000000003,8.361920482935536,12.415171804519035,0.5762157696350361
4.200000000000003,8.399970350032577,12.438445490313324,0.5691826030715705
4.2100000000000035,8.427862946225614,12.461195547101255,0.5631337602323101
4.220000000000003,8.450892779465633,12.492178099943501,0.5558480261187979
4.230000000000003,8.483387820774652,12.504026018234505,0.549047393427888
4.240000000000003,8.506635771542456,12.532730006389365,0.5429993313829048
4.2500000000000036,8.543865954901014,12.551774628342226,0.5348160011087632
4.260000000000003,8.575427433193708,12.575475726156652,0.5288421259511519
4.270000000000003,8.599365085230353,12.583854570782796,0.5211206706030114
4.280000000000003,8.612713209026802,12.60038514795001,0.513800133540907
4.290000000000003,8.64528540825307,12.633331909894016,0.5052549888307479
4.300000000000003,8.687517481382402,12.647727809755295,0.49838383354349797
4.310000000000003,8.737400949998616,12.662191978483587,0.4901008767371379
4.320000000000003,8.780616735391678,12.689993435777822,0.4845917515244924
4.330000000000004,8.808148869155596,12.713949182088916,0.47789396694110897
4.340000000000003,8.835658796921964,12.72935721341123,0.4724193585433456
4.350000000000003,8.87143156024396,12.749534471634608,0.4649649062755124
4.360000000000003,8.912225713268848,12.762216034539462,0.458068032993439
4.370000000000003,8.960420567159826,12.795591475177192,0.45162153112089126
4.3800000000000034,9.000836659598717,12.815247570225011,0.44550253845595644
4.390000000000003,9.035305659852165,12.83922400919587,0.43925167158718914
4.400000000000003,9.07548094401296,12.860466774546502,0.432776310003251
4.410000000000004,9.112297154591277,12.883558588250498,0.4249976730177543
4.4200000000000035,9.155943684334538,12.912240084315416,0.4175850129978385
4.430000000000003,9.190220153457057,12.923582782781516,0.4104111379784039
4.440000000000003,9.221243455109688,12.943277044111463,0.4019361407082149
4.450000000000003,9.270390628435688,12.973097683511131,0.39469386454827543
4.4600000000000035,9.327485479695225,12.989548204273705,0.3886114181604017
4.470000000000003,9.37062997820891,13.002445912855055,0.38096272700868833
4.480000000000003,9.408960907391466,13.031697960285287,0.3734086622682903
4.490000000000004,9.454269792159876,13.049348998844746,0.36653571860466555
4.5000000000000036,9.501359448155462,13.051583260077573,0.35972588794819194
4.510000000000003,9.540217982643671,13.041611785967953,0.3529449633854746
4.520000000000003,9.578406933131324,13.064250425127454,0.34553336990584765
4.530000000000003,9.617642242135789,13.082476947485326,0.3381302563007942
4.540000000000004,9.65653700475911,13.097346841395296,0.3316370650442595
4.550000000000003,9.679008179573572,13.113908680120378,0.32450418584531865
4.560000000000003,9.720418355037143,13.113756521609963,0.31799033579852504
4.570000000000004,9.761173533641912,13.140067288824481,0.3126522791898066
4.580000000000004,9.811221521233481,13.166212174173538,0.30586123331866755
4.590000000000003,9.847079350278827,13.185989900168556,0.2996247716978782
4.600000000000003,9.886425578308597,13.19850270062174,0.2920502682036839
4.610000000000003,9.920971790332015,13.20662596724485,0.28365064000889095
4.620000000000004,9.959865267698214,13.220384179463252,0.2755162151700109
4.6300000000000034,10.017482816529752,13.251081011387829,0.26814973315020796
4.640000000000003,10.041819996006424,13.24128745793858,0.26081064057137826
4.650000000000004,10.070992982565514,13.247372285155171,0.25259863027011603
4.660000000000004,10.137455489524571,13.26828076614417,0.2440459003431387
4.6700000000000035,10.170797222004525,13.26834405939944,0.2372779583894626
4.680000000000003,10.20844364629428,13.282715113187725,0.22922831942441976
4.690000000000003,10.23004767831207,13.293928959584667,0.22243426477260753
4.700000000000004,10.272464845192385,13.302059867472893,0.21566006856866304
4.7100000000000035,10.315709583953861,13.30879094383384,0.20828184290267557
4.720000000000003,10.34731589969292,13.319072867346467,0.20212279467772803
4.730000000000004,10.391538160373008,13.320736908467786,0.19544976392952118
4.740000000000004,10.432383375144635,13.334443391354146,0.18979885036153551
4.7500000000000036,10.454124901797575,13.357000937650266,0.1818369469677736
4.760000000000003,10.509120353678858,13.374076241038914,0.1745615921462585
4.770000000000003,10.544227663215134,13.374297532565093,0.16682465112060296
4.780000000000004,10.574124960191098,13.38145962302137,0.15948747786025022
4.790000000000004,10.595707538830858,13.382372694489623,0.15131840535105998
4.800000000000003,10.62448083983083,13.383175669006107,0.14249471334366215
4.810000000000004,10.649890985291838,13.387682585456218,0.13491295487856245
4.820000000000004,10.697126805213564,13.370333021173504,0.1266599409130838
4.830000000000004,10.725178316433599,13.374815890658265,0.1200694391270265
4.840000000000003,10.769626990770853,13.38318397333353,0.11121149520678775
4.850000000000003,10.823376912133046,13.394782060872803,0.10510978232518402
4.860000000000004,10.857474373524049,13.390030083844325,0.0977324299803739
4.870000000000004,10.88822317274469,13.385893748043282,0.09077857213979429
4.8800000000000034,10.949139996110732,13.375000926955291,0.08359767737050429
4.890000000000004,10.98081732999697,13.376761054979903,0.07812349832424895
4.900000000000004,11.045481868125183,13.38540141817867,0.07129319738900135
4.910000000000004,11.090848103334018,13.384179720735208,0.06308073461768406
4.9200000000000035,11.136001237076613,13.391956403706537,0.056258931776622376
4.930000000000003,11.176670182884273,13.40504888802102,0.04921295151163146
4.940000000000004,11.210274396594087,13.40439321554742,0.04184006618598272
4.950000000000004,11.25379933310872,13.422117717194714,0.03388003278115114
4.9600000000000035,11.312014297575232,13.426265578849778,0.026472139667347634
4.970000000000004,11.337022922518894,13.437690464293416,0.02042942490068738
4.980000000000004,11.377466582854433,13.424597222740369,0.01397014035217654
4.990000000000004,11.430667820806207,13.428161799240497,0.007480229182107115
